Using pre-set license
Built from '2022.3/staging' branch; Version is '2022.3.58f1 (ed7f6eacb62e) revision 15564654'; Using compiler version '192829333'; Build Type 'Release'
OS: 'Windows 11  (10.0.26200) 64bit Professional' Language: 'tr' Physical Memory: 32473 MB
BatchMode: 1, IsHumanControllingUs: 0, StartBugReporterOnCrash: 0, Is64bit: 1, IsPro: 1

COMMAND LINE ARGUMENTS:
C:\Program Files\Unity\Hub\Editor\2022.3.58f1\Editor\Unity.exe
-adb2
-batchMode
-noUpm
-name
AssetImportWorker0
-projectPath
C:/Users/dotlab.user/UI
-logFile
Logs/AssetImportWorker0.log
-srvPort
63883
Successfully changed project path to: C:/Users/dotlab.user/UI
C:/Users/dotlab.user/UI
[UnityMemory] Configuration Parameters - Can be set up in boot.config
    "memorysetup-bucket-allocator-granularity=16"
    "memorysetup-bucket-allocator-bucket-count=8"
    "memorysetup-bucket-allocator-block-size=33554432"
    "memorysetup-bucket-allocator-block-count=8"
    "memorysetup-main-allocator-block-size=16777216"
    "memorysetup-thread-allocator-block-size=16777216"
    "memorysetup-gfx-main-allocator-block-size=16777216"
    "memorysetup-gfx-thread-allocator-block-size=16777216"
    "memorysetup-cache-allocator-block-size=4194304"
    "memorysetup-typetree-allocator-block-size=2097152"
    "memorysetup-profiler-bucket-allocator-granularity=16"
    "memorysetup-profiler-bucket-allocator-bucket-count=8"
    "memorysetup-profiler-bucket-allocator-block-size=33554432"
    "memorysetup-profiler-bucket-allocator-block-count=8"
    "memorysetup-profiler-allocator-block-size=16777216"
    "memorysetup-profiler-editor-allocator-block-size=1048576"
    "memorysetup-temp-allocator-size-main=16777216"
    "memorysetup-job-temp-allocator-block-size=2097152"
    "memorysetup-job-temp-allocator-block-size-background=1048576"
    "memorysetup-job-temp-allocator-reduction-small-platforms=262144"
    "memorysetup-allocator-temp-initial-block-size-main=262144"
    "memorysetup-allocator-temp-initial-block-size-worker=262144"
    "memorysetup-temp-allocator-size-background-worker=32768"
    "memorysetup-temp-allocator-size-job-worker=262144"
    "memorysetup-temp-allocator-size-preload-manager=33554432"
    "memorysetup-temp-allocator-size-nav-mesh-worker=65536"
    "memorysetup-temp-allocator-size-audio-worker=65536"
    "memorysetup-temp-allocator-size-cloud-worker=32768"
    "memorysetup-temp-allocator-size-gi-baking-worker=262144"
    "memorysetup-temp-allocator-size-gfx=262144"
Player connection [33364]  Target information:

Player connection [33364]  * "[IP] 10.112.26.69 [Port] 0 [Flags] 2 [Guid] 496067983 [EditorId] 496067983 [Version] 1048832 [Id] WindowsEditor(7,KH-DOTLAB18) [Debug] 1 [PackageName] WindowsEditor [ProjectName] Editor" 

Player connection [33364] Host joined multi-casting on [225.0.0.222:54997]...
Player connection [33364] Host joined alternative multi-casting on [225.0.0.222:34997]...
Input System module state changed to: Initialized.
[PhysX] Initialized MultithreadedTaskDispatcher with 32 workers.
Refreshing native plugins compatible for Editor in 5.27 ms, found 4 plugins.
Preloading 0 native plugins for Editor in 0.00 ms.
Initialize engine version: 2022.3.58f1 (ed7f6eacb62e)
[Subsystems] Discovering subsystems at path C:/Program Files/Unity/Hub/Editor/2022.3.58f1/Editor/Data/Resources/UnitySubsystems
[Subsystems] Discovering subsystems at path C:/Users/dotlab.user/UI/Assets
GfxDevice: creating device client; threaded=0; jobified=0
Direct3D:
    Version:  Direct3D 11.0 [level 11.1]
    Renderer: NVIDIA RTX 4000 Ada Generation (ID=0x27b2)
    Vendor:   NVIDIA
    VRAM:     20172 MB
    Driver:   32.0.15.8208
Initialize mono
Mono path[0] = 'C:/Program Files/Unity/Hub/Editor/2022.3.58f1/Editor/Data/Managed'
Mono path[1] = 'C:/Program Files/Unity/Hub/Editor/2022.3.58f1/Editor/Data/MonoBleedingEdge/lib/mono/unityjit-win32'
Mono config path = 'C:/Program Files/Unity/Hub/Editor/2022.3.58f1/Editor/Data/MonoBleedingEdge/etc'
Using monoOptions --debugger-agent=transport=dt_socket,embedding=1,server=y,suspend=n,address=127.0.0.1:56580
Begin MonoManager ReloadAssembly
Registering precompiled unity dll's ...
Register platform support module: C:/Program Files/Unity/Hub/Editor/2022.3.58f1/Editor/Data/PlaybackEngines/WindowsStandaloneSupport/UnityEditor.WindowsStandalone.Extensions.dll
Registered in 0.002399 seconds.
- Loaded All Assemblies, in  0.176 seconds
Native extension for WindowsStandalone target not found
Mono: successfully reloaded assembly
- Finished resetting the current domain, in  0.134 seconds
Domain Reload Profiling: 310ms
	BeginReloadAssembly (56ms)
		ExecutionOrderSort (0ms)
		DisableScriptedObjects (0ms)
		BackupInstance (0ms)
		ReleaseScriptingObjects (0ms)
		CreateAndSetChildDomain (0ms)
	RebuildCommonClasses (17ms)
	RebuildNativeTypeToScriptingClass (5ms)
	initialDomainReloadingComplete (27ms)
	LoadAllAssembliesAndSetupDomain (71ms)
		LoadAssemblies (55ms)
		RebuildTransferFunctionScriptingTraits (0ms)
		AnalyzeDomain (70ms)
			TypeCache.Refresh (69ms)
				TypeCache.ScanAssembly (61ms)
			ScanForSourceGeneratedMonoScriptInfo (0ms)
			ResolveRequiredComponents (0ms)
	FinalizeReload (134ms)
		ReleaseScriptCaches (0ms)
		RebuildScriptCaches (0ms)
		SetupLoadedEditorAssemblies (110ms)
			LogAssemblyErrors (0ms)
			InitializePlatformSupportModulesInManaged (5ms)
			SetLoadedEditorAssemblies (4ms)
			RefreshPlugins (0ms)
			BeforeProcessingInitializeOnLoad (1ms)
			ProcessInitializeOnLoadAttributes (76ms)
			ProcessInitializeOnLoadMethodAttributes (23ms)
			AfterProcessingInitializeOnLoad (0ms)
			EditorAssembliesLoaded (0ms)
		ExecutionOrderSort2 (0ms)
		AwakeInstancesAfterBackupRestoration (0ms)
========================================================================
Worker process is ready to serve import requests
Caller must complete domain reload
Begin MonoManager ReloadAssembly
- Loaded All Assemblies, in  0.347 seconds
Native extension for WindowsStandalone target not found
Mono: successfully reloaded assembly
- Finished resetting the current domain, in  0.284 seconds
Domain Reload Profiling: 630ms
	BeginReloadAssembly (78ms)
		ExecutionOrderSort (0ms)
		DisableScriptedObjects (3ms)
		BackupInstance (0ms)
		ReleaseScriptingObjects (0ms)
		CreateAndSetChildDomain (11ms)
	RebuildCommonClasses (17ms)
	RebuildNativeTypeToScriptingClass (5ms)
	initialDomainReloadingComplete (21ms)
	LoadAllAssembliesAndSetupDomain (225ms)
		LoadAssemblies (175ms)
		RebuildTransferFunctionScriptingTraits (0ms)
		AnalyzeDomain (96ms)
			TypeCache.Refresh (84ms)
				TypeCache.ScanAssembly (75ms)
			ScanForSourceGeneratedMonoScriptInfo (8ms)
			ResolveRequiredComponents (3ms)
	FinalizeReload (284ms)
		ReleaseScriptCaches (0ms)
		RebuildScriptCaches (0ms)
		SetupLoadedEditorAssemblies (213ms)
			LogAssemblyErrors (0ms)
			InitializePlatformSupportModulesInManaged (3ms)
			SetLoadedEditorAssemblies (2ms)
			RefreshPlugins (0ms)
			BeforeProcessingInitializeOnLoad (32ms)
			ProcessInitializeOnLoadAttributes (163ms)
			ProcessInitializeOnLoadMethodAttributes (10ms)
			AfterProcessingInitializeOnLoad (2ms)
			EditorAssembliesLoaded (0ms)
		ExecutionOrderSort2 (0ms)
		AwakeInstancesAfterBackupRestoration (3ms)
Launched and connected shader compiler UnityShaderCompiler.exe after 0.02 seconds
Refreshing native plugins compatible for Editor in 2.10 ms, found 4 plugins.
Preloading 0 native plugins for Editor in 0.00 ms.
Unloading 3573 Unused Serialized files (Serialized files now loaded: 0)
Unloading 22 unused Assets / (56.2 KB). Loaded Objects now: 4038.
Memory consumption went from 133.1 MB to 133.1 MB.
Total: 2.990800 ms (FindLiveObjects: 0.286600 ms CreateObjectMapping: 0.086700 ms MarkObjects: 2.527700 ms  DeleteObjects: 0.088500 ms)

AssetImportParameters requested are different than current active one (requested -> active):
  custom:scripting/monoscript/fileName/IncomingChangesTab.cs: 8a20aca125f6d4b837670edb6e36bc05 -> 82bff1d960538992d4e618d909869d2e
  custom:scripting/monoscript/fileName/DiffSelection.cs: 34faf7c86f7e0c9a01162e930679d82f -> 1460aaba4240ef35322cb9c198487990
  custom:scripting/monoscript/fileName/MoveDeleteMenu.cs: f1a7b8a8be76c035d934c51863f3b934 -> c4ad4528e772c33a6167006886a8d1da
  custom:scripting/monoscript/fileName/DateFilter.cs: de3aab0283a2b4a1d4d64145b14132d5 -> 3a6cb8c2e3ffbb5a9052e322ee5bf411
  custom:scripting/monoscript/fileName/PerformInitialCheckin.cs: be22d181e456c0a8a5713675f29ac72a -> 8ef9a9f407b8b94b2b5fad9d24e61f79
  custom:scripting/monoscript/fileName/ConflictResolutionState.cs: d9394655856a9fc1a0b280bc997bac16 -> 74a230000ff2fd58c5a60ab4258207dc
  custom:scripting/monoscript/fileName/FindWorkspace.cs: 39bbd18bfe6bf4a99f5c185dcda4dd4a -> 6af6c9e9382fef881c020ab184e6f7f5
  custom:scripting/monoscript/fileName/IncomingChangesNotifier.cs: 10fad815611441fb3a805150421ed991 -> 
  custom:container-demuxer-ogg: 62fdf1f143b41e24485cea50d1cbac27 -> 
  custom:scripting/monoscript/fileName/CheckinConflictsDialog.cs: d3af1d70d3f60a9847d2942647274222 -> e13fa04a97fb675842c94586fc602871
  custom:scripting/monoscript/fileName/AuthToken.cs: d22b2893825e943bc1389be142abd57e -> 0fba7e8eb1ec8b699f274cdc956451b2
  custom:scripting/monoscript/fileName/ProgressControlsForDialogs.cs: 6bf8e69ac7dc2163fe988e5d8181ce88 -> 7e6bd1727985204e3b64e1946e589b1c
  custom:scripting/monoscript/fileName/AssetStatusCache.cs: beede06d8a6d93e7907fd192ad653f2b -> 260d5f85663ac58b2a7e9553c453bc3e
  custom:scripting/monoscript/fileName/OrganizationPanel.cs: d7ac1288bef1b15a05bb26d201a4d87f -> 57a57e6a345dbd536e91c348b70943a9
  custom:scripting/monoscript/fileName/ChangeCategoryTreeViewItem.cs: efd70108e1f6ff61ed2723220486adfc -> fd14db176fff061715c8ec88ced1902f
  custom:scripting/monoscript/fileName/CurrentUserAdminCheckResponse.cs: cec2f173fe8732108711c497674c6f66 -> d57c2dcace740834acd59fdfbc5023b8
  custom:scripting/monoscript/fileName/UIElementsExtensions.cs: a191d7293be4538b0adb29dfe5b06a46 -> 52e0d612ab032e4d22e9558b90396b99
  custom:scripting/monoscript/fileName/CreateBranchDialog.cs: c429477092287209232592c8cde1a615 -> 9eb29fda08033b4f847247136c412db6
  custom:scripting/monoscript/fileName/DrawCreateWorkspaceView.cs: 6422239d8f649480614f0dd4f018b7f2 -> c6039ac84d85ab3926aa94de163a9f7d
  custom:scripting/monoscript/fileName/ProjectPath.cs: 5634ebdbea8ca94089eb9622d1b60497 -> 2007f972d3a73eeb86dfe05e849c7f69
  custom:scripting/monoscript/fileName/SSOCredentialsDialog.cs: 8967ceae1bc195ea8dd32b23c42dd852 -> e140ede12a96f68f30062138385171c3
  custom:scripting/monoscript/fileName/DownloadPlasticExeDialog.cs: 2dd40c53d0303d041a27a44a95c331cb -> 093cfe0607c2346a88cdfdfe1435614f
  custom:video-codec-MediaFoundation-h265: 746d11721c4dcdbdad8f713fa42b33f4 -> 
  custom:scripting/monoscript/fileName/PendingChangesTab_Operations.cs: c99065f3c85ec85c85ece2a1a30665af -> 15ae6787065f4af65778e981f418a60b
  custom:scripting/monoscript/fileName/LocksListViewItem.cs: cc9cd24c5be4f7363367cba72f12aad4 -> f4a19fabbec093eb3d6a7e1cd4f42611
  custom:scripting/monoscript/fileName/PendingChangesViewPendingChangeMenu.cs: 561ad0f702e1db14300a4a5f810051f9 -> 9a6ef2277212bf26d647c7f12f946287
  custom:scripting/monoscript/fileName/SignInPanel.cs: f7e82045994d4eefe3b021faa87b55c6 -> bac0318ce35e37bed3a2cc8137452435
  custom:scripting/monoscript/fileName/DrawInspectorOperations.cs: 61c4a6a6507d8f84ef5bdf5cba3f0aee -> 8c94fe642e98309082411f46db89106b
  custom:scripting/monoscript/fileName/DrawDirectoryResolutionPanel.cs: b77d9918f02a8eac64394aaf99fa4b28 -> e4e3c9b4bc511687802b504b71016540
  custom:scripting/monoscript/fileName/CloseWindowIfOpened.cs: d820344e932a12600b5fe6fb7e9f1563 -> ce229ef3b7461ff17e2c1af0695a6657
  custom:scripting/monoscript/fileName/SaveAssets.cs: e472a52843752df7d7ad4ca6b2c8da98 -> b56abea3d51c742ac29e4aec958afad6
  custom:scripting/monoscript/fileName/MergeViewMenu.cs: 93bc40369a2f104c249cef1d685ad358 -> c1676e16bdcf215f6595ea9de7a1fc33
  custom:scripting/monoscript/fileName/RepositoriesListView.cs: 9f95c83dc460fb03fb0916472f14b8a7 -> 95287f65338ca0073ad04002a16eaaf7
  custom:scripting/monoscript/fileName/HandleMenuItem.cs: 740e54c5f6dca1acc88cad87af74b744 -> b4ad1ecc5243212c5967125ad5e41b1f
  custom:scripting/monoscript/fileName/ScreenResolution.cs: 5c975132cf4e36dcc261bd0acd604271 -> 7bb7bb5b955671820101b322f0a7bf3d
  custom:scripting/monoscript/fileName/ApplicationDataPath.cs: 8e4094e28762fb76a1baecfe90c6b65e -> 3e8c4ea8debfda8013fed860ac233d22
  custom:scripting/monoscript/fileName/MergeSelection.cs: 6deb9bc55c10a7ac7c9f905a7b92dbe8 -> 630eecd27cae3311e65e09d9c63da8b7
  custom:video-decoder-ogg-theora: a1e56fd34408186e4bbccfd4996cb3dc -> 
  custom:scripting/monoscript/fileName/RepaintInspector.cs: f134606300316994850c28a68d0cb5a3 -> 
  custom:scripting/monoscript/fileName/LockStatusCache.cs: 5e3725e03dc21c716034553589a67eae -> e99b3f34c5cd3eb73ec19439af1f7f80
  custom:scripting/monoscript/fileName/DiffTreeView.cs: 68195907d129ef826aa6b6df7202696d -> 49f46fd2a65ea674a218eead75f27aac
  custom:scripting/monoscript/fileName/DependenciesDialog.cs: 82d30fc8d5e1a73ec0d1ee9acc00fbc2 -> c8902186ab2f4e6471b5dd147afb01b6
  custom:scripting/monoscript/fileName/ChangesetListViewItem.cs: 95a197949f1e777703db60eea8cc21b3 -> d742a4910e302777daa1ccb9c8e92cb9
  custom:scripting/monoscript/fileName/LocksViewMenu.cs: fda08381fa9abca53b6eaf3bf55f14f8 -> 186d8514e824865b191ba1829afe4b33
  custom:scripting/monoscript/fileName/IncomingChangesViewMenu.cs: 5f96afa82d3e2a8078206b7f6d3b0752 -> 13196979a03411533716f6775c9a624b
  custom:scripting/monoscript/fileName/QueryVisualElementsExtensions.cs: 75ea535788abf9c38ba9341c984a6241 -> a49740b6efbb934f55475cc70b864a4c
  custom:scripting/monoscript/fileName/DivergentMoveMenu.cs: 5b146ed65a6a030ab7d86a0d711244f7 -> 98d76b5791494212a0c25aa6a4af7288
  custom:scripting/monoscript/fileName/WriteLogConfiguration.cs: 1a8401f47b522f631a3dc005105719f5 -> 1589212d1638ae91a029ea3ddf9999f2
  custom:scripting/monoscript/fileName/DrawTextBlockWithEndLink.cs: 1cc3e67c46bd397f9508f124a3366994 -> 
  custom:scripting/monoscript/fileName/FileSystemOperation.cs: c31a686e69e66801c204a11be56c950a -> f0ccbe91654279794a85bf6f1c034716
  custom:scripting/monoscript/fileName/MigrateCollabProject.cs: af93695e471d9c8e4ad014c4165f2c3c -> 9f3487f03a783b35518405572f20ac9e
  custom:framework-win-MediaFoundation: 216162199b28c13a410421893ffa2e32 -> 
  custom:scripting/monoscript/fileName/ProgressControlsForViews.cs: 7d677c6df38ab15cf390062b5b0bb854 -> a8a18a90f46aa63848e1e45d8d7ff9af
  custom:scripting/monoscript/fileName/DrawAssetOverlay.cs: 04a46044def089f0abcdafdd281e3646 -> 
  custom:scripting/monoscript/fileName/ProjectWindow.cs: c62567a3d71fd74636bc783de5162474 -> 
  custom:scripting/monoscript/fileName/MergeLinksListView.cs: 826afb5fb5988163105086b4bf5027af -> c9488671ae9b14523680d0c19097baa0
  custom:scripting/monoscript/fileName/UnityCloudProjectLinkMonitor.cs: a6d5b729fcd63f578363f7929a986e8b -> 86b74508945daf368996ea82904ac8da
  custom:scripting/monoscript/fileName/EditorProgressBar.cs: 7418be9b22aaea32732f8a5f49569d1c -> 08c2f2b90ef64df631d46389f0e22c8e
  custom:scripting/monoscript/fileName/MeasureMaxWidth.cs: cd9322680ae61d38397008451b7ed0ed -> 1569e3f1dad91a9b01cba66ab6aa30b0
  custom:scripting/monoscript/fileName/ChangesetsListHeaderState.cs: 69fc4f1a2bc3782d7043ec48961a3616 -> fe1392f9b135da83e13fe8a5e5f39fc2
  custom:scripting/monoscript/fileName/PendingChangesTreeHeaderState.cs: 7d278b5569d28437d07554a3bbb56e1b -> 5d7f70d142c9ac67864ec14950523d62
  custom:scripting/monoscript/fileName/ChangelistMenu.cs: ca33bac56b3a337faa90a1b1bba632d6 -> c1bf5aeb760cc5eae584ea3944d6531b
  custom:scripting/monoscript/fileName/MissingEncryptionPasswordPromptHandler.cs: 7f5831fc8a41e9cadd84fcfd0e885072 -> 5d7b9646eb14a39b6d3d5bab19d266ff
  custom:scripting/monoscript/fileName/NotificationBar.cs: d1a4cf5e8103d80fd25347275f906aa8 -> 50f1a85fa18d94338418def78dcd8543
  custom:scripting/monoscript/fileName/UnityThreadWaiter.cs: dbd556f2802baab90a20da38c288d36c -> 99333406d92d10003984b4d1920de2f9
  custom:scripting/monoscript/fileName/CredentialsDialog.cs: 179b5e49656a1623c2e79d838f0f5876 -> c785d5e40f8d66b7ef7ba04ee7c324e0
  custom:scripting/monoscript/fileName/GetRestorePathDialog.cs: e21eb9983f0b989125951478cd5e9b35 -> 353d1126ca2d2063d5bdbd06806ffc08
  custom:scripting/monoscript/fileName/UpdateReportListHeaderState.cs: 64a5bf775d221ad9a5ff8c78a1e0e1fa -> d6cbe54be2898ed2c96c2e79572c2e08
  custom:scripting/monoscript/fileName/LocksListView.cs: 8c6202774eebcf67be9c3b5a2926cc7c -> 7aa51ff93bcc98aa05dec8b46ec200c4
  custom:scripting/monoscript/fileName/DownloadAndInstallOperation.cs: b043b8d5921892e87f4566e00162cff6 -> 4f4065aeafda2af0ec272a3c228e27b2
  custom:scripting/monoscript/fileName/DiffTreeViewMenu.cs: 3e62bfc69ca7486976988e151b88922e -> 8039fc4ecf68b3e966e1f4822789e7fa
  custom:scripting/monoscript/fileName/UnityStyles.cs: 1a176026ce9da8057f3ec90dfe0bac74 -> bbbba3cda37678cfc74d71ffebf36e7f
  custom:scripting/monoscript/fileName/HistoryTab.cs: 4d086984813cd90d6be245dd8e03a2ba -> d57f000c65fde42a2228c7a105a836e5
  custom:scripting/monoscript/fileName/HistorySelection.cs: 7c3afcf345a55e8b77ea41ca0f570218 -> 3d07a3d1241e204b5420d71f1137eba4
  custom:scripting/monoscript/fileName/CreateWorkspace.cs: 7b3086384e5ddcd73cd5064a3ce31cd2 -> 5256205b5cf0570b6f698c7abe518f5a
  custom:scripting/monoscript/fileName/ShowWindow.cs: c731454122754eec192bc3c53fac3d95 -> a6bb1d20733c178256b38974418d7450
  custom:scripting/monoscript/fileName/LocksListHeaderState.cs: b80c5f044f18764adef2e9dbea5f0fb1 -> c7fe4d3b5f954615048f8e79925d29e3
  custom:scripting/monoscript/fileName/CreateRepositoryDialog.cs: 1e1c5399cf3d0b071c7982c565a710ce -> 5cec3e66b09e0dbe1f805953c5c64af9
  custom:scripting/monoscript/fileName/RenameBranchDialog.cs: a3111a345c6451ee64cd16f1989c2313 -> e5c89c05c87517babb3730e87196a494
  custom:scripting/monoscript/fileName/EncryptionConfigurationDialog.cs: 6423045767c07e6360ff314ec741c601 -> 19e9c54aff6ffc68d60fe11f80578947
  custom:scripting/monoscript/fileName/CheckinProgress.cs: 298ac58365579798eb3b4defc181ccaf -> 75b93dbc5ef307111f0647f735640420
  custom:scripting/monoscript/fileName/AssetCopyPathOperation.cs: 571ede78b6298606a236918df9df62d5 -> 633a9d130b72ba594756844b628f0ae2
  custom:scripting/monoscript/fileName/PendingChangesSelection.cs: 766664749a54eea9ecce5dff917430ef -> 1721ad72d074757364587c71b49d9382
  custom:scripting/monoscript/fileName/LoadAsset.cs: 9042eb334fc462cf466672445be1d4c2 -> 5e4e082aa5b21c13b80eb237fe94d00b
  custom:scripting/monoscript/fileName/Images.cs: 0b0c14141950fed99e3ef33199b3b4c9 -> fbdd1e600315d249327f3effde045c9d
  custom:scripting/monoscript/fileName/DrawLocksListViewItem.cs: ce3a3d64ec2d84c3556ffd4141efc4f7 -> 6201c4d50383e970d554210505562d37
  custom:scripting/monoscript/fileName/DrawProgressForOperations.cs: ea9179848be98ee7719316b39339ef29 -> b544f18e6532ba53bbd1b691fa5cd571
  custom:scripting/monoscript/fileName/ViewSwitcher.cs: 4df4bf16a6790d08087362d43c346234 -> dd1f6d6bc6ad5beda69b13cdb560799f
  custom:scripting/monoscript/fileName/RepositoryListViewItem.cs: 2f16ba7694ec7934685021093e722c4e -> 3cabcd81911a2500dcd9e2b6ffae3f00
  custom:scripting/monoscript/fileName/InspectorAssetSelection.cs: 71ba78e42827a9b22a9a6016733d756f -> 4b3c1ae4c44d88205aef26229acfe022
  custom:scripting/monoscript/fileName/UVCPackageVersion.cs: c4d95cb84d9d8dff4727eba6b0a64378 -> 
  custom:scripting/monoscript/fileName/IncomingChangesTreeHeaderState.cs: f578f4545f0afb1f0a2de9a25e26e33b -> 9fcb97ef2da44c66332f5c6800c2e6ed
  custom:scripting/monoscript/fileName/WorkspaceOperationsMonitor.cs: 5f05751fd4d94e02e79a5bf200f98f9a -> 43dcc435c252a54bdaaf4d6588b7d66e
  custom:CustomObjectIndexerAttribute: 9a22284fe3817be447336de3de66b15e -> 
  custom:scripting/monoscript/fileName/MacOSConfigWorkaround.cs: 8634a542fc5c45ea8cd9a8244bf2c871 -> 9fe61e763da506601651f6c451cecb0a
  custom:scripting/monoscript/fileName/IncomingChangesSelection.cs: a96a5a084d59fe3917a3831b68fa9479 -> d86f9f4463e6f9d99bb815e1f018ccf1
  custom:scripting/monoscript/fileName/AddMoveMenu.cs: 07e842d83dd343358454fef0a7927a0d -> e681c3341f01390e9c1d636ae93280df
  custom:scripting/monoscript/fileName/PlasticProjectSettingsProvider.cs: 49dc3835a349b3282b9803f48edc8e50 -> 8c4ae1aeb34c51d2a5a8924265075ff2
  custom:scripting/monoscript/fileName/AssetMenuItems.cs: 9ce81cedb8e568c6b7b646aa6263645b -> 
  custom:scripting/monoscript/fileName/ToolConstants.cs: a088b027c7b0922429c756f12b0507ea -> 3b0d2490617bc7f94a0bdab65a399e1d
  custom:scripting/monoscript/fileName/MergeTab.cs: f39dce5bbfdc053d284a55fc102a8be9 -> f0a9f00e065364eb63b070091ade67f8
  custom:scripting/monoscript/fileName/GetSelectedPaths.cs: 02423a81496d6c63598b5cdc203f4354 -> be35dd49dddd53fc840b9febf21b4d0d
  custom:scripting/monoscript/fileName/TokenExchangeResponse.cs: 0dd9138dbeab6f132711a5b608de5c13 -> f20183d4cf939766d3c1e15cc3bec2e3
  custom:scripting/monoscript/fileName/ChangesetsTab_Operations.cs: eca44847b108faefa69f8c525242c965 -> 3290c4c0cd248666e01a08ee6d621249
  custom:scripting/monoscript/fileName/OverlayRect.cs: 59d6887e4803f8a44ffaa0409470e410 -> 
  custom:scripting/monoscript/fileName/ConfigurePartialWorkspace.cs: 309d4276b0164b05348aedbd51cc0b2f -> 10fcc6b6d43dd5ed36c43c6f7b5906c4
  custom:scripting/monoscript/fileName/ValidRepositoryName.cs: 43c262be3f66a970816e3d3a3ee8872a -> 56bcf92a3678f6ad6215cae2e4914cfd
  custom:container-demuxer-webm: 4f35f7cbe854078d1ac9338744f61a02 -> 
  custom:scripting/monoscript/fileName/GetPlasticShortcut.cs: 2a84c035152261f00e7e66eb44cd0ffa -> 5c2b7bf07ddd2284efc64b09ef0f1f72
  custom:scripting/monoscript/fileName/GuiEnabled.cs: 1b1658fd7715b5cc664c10a130c6b629 -> 7bb13fcc8d8cbd392e00f7232841f086
  custom:scripting/monoscript/fileName/BuildPathDictionary.cs: 943911b84162d26cea47f964f9a0a399 -> 9fabc7cc73fcfc50b8a3307c6aa6ec4d
  custom:scripting/monoscript/fileName/FindEditorWindow.cs: 2bb64182aef631315344623cf583c78a -> 8c3c78bb7e82ac5008f8a2b8a0d68cff
  custom:scripting/monoscript/fileName/DrawProgressForViews.cs: c153245b67af73b7ee03f693a1127796 -> 068a172cb549ad77d9873d721698bd0d
  custom:scripting/monoscript/fileName/UpdateReportDialog.cs: 706e7e86547c339cdb3a4462e3f7a54d -> 087837d8f73228f1a817d0de82c77260
  custom:scripting/monoscript/fileName/UnityMergeTree.cs: f81f2d7551ab855fe9dc724f3f2e2892 -> 59edaa0a4669bbcb540a261166adc144
  custom:scripting/monoscript/fileName/CycleMoveMenu.cs: 91c21a0be9b3727d7673f94321029c52 -> b3993a7306fc941f55ca963833965729
  custom:scripting/monoscript/fileName/HistoryListView.cs: 527da2d093462f1c4a278d6957e7d5ac -> 7b2d1d2c12ab43d9d244e35197127919
  custom:scripting/monoscript/fileName/ChangeTreeViewItem.cs: 506ed128854137d9f75f9e3d2576a06b -> b0a38ce0a620643c776a3db4fd91bc4c
  custom:scripting/monoscript/fileName/BringWindowToFront.cs: 88b20f2a2881db6a013f54923d68cdee -> a30c7c1ba746c6d277a5aedd3057d15e
  custom:scripting/monoscript/fileName/LaunchCheckinConflictsDialog.cs: 4417eba1591eccb2221bfdce0106c1e0 -> e2c1e3f8f4e14a62e4363fe6259adbc2
  custom:scripting/monoscript/fileName/ParseArguments.cs: 03c1a4d7e357164ca313a0019713c3db -> ae915d9f5fe287ced40627c9ca8bfafd
  custom:scripting/monoscript/fileName/ExternalLink.cs: 685ff1dd6f55eb61a1fd8af84a2aa7f5 -> a8ff952d8c27d10f226ab92b7aa83b69
  custom:scripting/monoscript/fileName/WaitingSignInPanel.cs: 247680fcfc6a176b9fa28a3df600a754 -> 7585e1c7111b6b900784e6d1c9454258
  custom:scripting/monoscript/fileName/OperationProgressData.cs: 0db72349eeecbe9449a517b1d79cc760 -> 15f68712baaea535af36d9e0333c0a6e
  custom:scripting/monoscript/fileName/RepositoriesListHeaderState.cs: c0353a1af15ae4fd3d5a2a3cac816423 -> fb71b961ab7c924511a6b0e8680b60ee
  custom:scripting/monoscript/fileName/ClientDiffTreeViewItem.cs: 56be9d3aa410e770e75de2d8b93be89d -> 43bdd7aa5bf1aa039a5b572c119c38d0
  custom:scripting/monoscript/fileName/CreateWorkspaceView.cs: c40bc4c8524ef3e2374ef997beb2e4a6 -> 9ae2295080d141c0f12d02a71014e11c
  custom:scripting/monoscript/fileName/CommandLineArguments.cs: 0d20ca25f94249586a7c1484c469d8a2 -> 48a62ad3f817c0269ea7fc4a53799594
  custom:scripting/monoscript/fileName/DownloadRepository.cs: 46fc68d9cc4da8e8ed765ff28b2dd438 -> 5bad8d3f76a3fcb41a94637e37c11ab0
  custom:scripting/monoscript/fileName/ParentWindow.cs: 2476d8a6ba9c3055f984ac9792cae61a -> d6aa079e592e01701c5baa3ab98898bc
  custom:scripting/monoscript/fileName/OperationParams.cs: 091a140b35535b91c773ddf98925322d -> 3312c7a4424a66ffbf2f88f056f329aa
  custom:scripting/monoscript/fileName/SignInWithEmailPanel.cs: a5823728eb62cf6dbd8c933c1cb26f53 -> 6e8957c0ed7609303e68389067e72d72
  custom:scripting/monoscript/fileName/LaunchInstaller.cs: f9b7c99441bc32980ce9b95be066824b -> b75efdf5909b501e06cacd9c66f75981
  custom:scripting/monoscript/fileName/GetWindowIfOpened.cs: 84a2356c61155912908cf98a62600c22 -> fd8bfd1a9b371371ebbff48e377726f9
  custom:scripting/monoscript/fileName/AvatarImages.cs: ea6dca998cf0ec5122553a9e010ef687 -> 3aa8c25a350843151ec4070c820c411a
  custom:scripting/monoscript/fileName/DrawUserIcon.cs: 2f65feb9bed897237f97fbf9c5479092 -> 7d5385bf780ae84e648a8b49f8fe0825
  custom:scripting/monoscript/fileName/AssetStatus.cs: b9ea657347f2c22e8e401cdb256c516c -> e017010009bdb28bcb0d7d8ef05e7dd9
  custom:scripting/monoscript/fileName/BranchesListView.cs: 334a3fb302f855f71fb71520fb442a71 -> 3f5ed9fe5a1bca512014ae1600ee1666
  custom:scripting/monoscript/fileName/DrawGuiModeSwitcher.cs: 363adc150c5f1c5059a678f179906090 -> d3be34a3134d3fe80ef6b14d0d519128
  custom:scripting/monoscript/fileName/UnityMenuItem.cs: 5f445176ad3735e69769d93250663be7 -> 73f3c859f1b5092ad362c09e23b3a922
  custom:scripting/monoscript/fileName/WebRestApiClient.cs: 8ab6ae74a3793a3375cc48f328048a82 -> 746756fd499dddd02a4e7ccdbac48be3
  custom:scripting/monoscript/fileName/PendingChangesOptionsFoldout.cs: 1ad411e4720a65e6d5ed1fc883c5ffc8 -> f9e651bcc5d4441496c88ab59a32f360
  custom:scripting/monoscript/fileName/IncomingChangesTreeView.cs: d8c19bc81b07c04d7721396d2821d297 -> 96479648d4498738733254eb4e4c6fb5
  custom:scripting/monoscript/fileName/GenericProgress.cs: 11287c7d038c487f32d0c8edc476a32d -> 8492ec26f01fc248d3eb3c2f5b3b6c0f
  custom:scripting/monoscript/fileName/MergeCategoryTreeViewItem.cs: c1ecd9dc0cd73eb7eb129994dedc1a91 -> 6bd59fcbfeafe06987a54631991d755b
  custom:scripting/monoscript/fileName/CheckinDialog.cs: 1709b78fae1329cc05fd4f39334b25f5 -> 702fdb8d0a3b4bfcb9ba109e71325cad
  custom:scripting/monoscript/fileName/ProcessCommand.cs: 2cc3b6e2a763c7f353b474b6904b45a6 -> 
  custom:scripting/monoscript/fileName/SortOrderComparer.cs: 8f6297df34271fdb1ce2d9607ec6261d -> 90647cc400823b41df847a6cbfc29026
  custom:scripting/monoscript/fileName/GUIActionRunner.cs: 69af7de0762ed6d085feb4cc4b5101b3 -> 4a0608de635b0d82868d57923d68eff7
  custom:scripting/monoscript/fileName/PlasticMenuItem.cs: 30c3a785b4c2607e2ae9aad693d5f604 -> 
  custom:scripting/monoscript/fileName/PendingChangesTreeView.cs: f3722f38014385705913f17dbe0f90c1 -> 17142d220a0a50a3f3d184c4718a0da7
  custom:scripting/monoscript/fileName/VCSPlugin.cs: 69c1b7249af35f35848ae707bd5e7113 -> 
  custom:scripting/monoscript/fileName/GetClientDiffInfos.cs: 4ae14b15e2cf5177a84735548a44cdc9 -> f8db8e637ded2d5e935a953a13b85ebe
  custom:scripting/monoscript/fileName/DrawActionButtonWithMenu.cs: d7f31944358aed2f3ed3982246fca039 -> 8d4f5edd02a1dd0f38c4f2baf5ee8a33
  custom:scripting/monoscript/fileName/ErrorListViewItem.cs: a9f229dd6829be37e3d3d11493cd30e3 -> 509edc26860f8be303ec97d68aabc30d
  custom:container-muxer-webm: aa71ff27fc2769a1b78a27578f13a17b -> 
  custom:scripting/monoscript/fileName/EditorProgressControls.cs: b1f133fa38afd918d537a72574fc93a0 -> 2e606eb01a6e6a567f3de9a0379ed3ae
  custom:scripting/monoscript/fileName/BranchesListHeaderState.cs: d47f1164fa7093137db851c4c16ffba3 -> 82eab21603f4efc696334ee80641c2c9
  custom:scripting/monoscript/fileName/DrawSearchField.cs: b11b864a92c7d76f85d4ec87d6faf61c -> 3de70beba9f4447205d50241d95b066a
  custom:scripting/monoscript/fileName/PendingChangesTab.cs: c99065f3c85ec85c85ece2a1a30665af -> 15ae6787065f4af65778e981f418a60b
  custom:scripting/monoscript/fileName/MergeTreeHeaderState.cs: d266e9dd03ced7ec66ad3688e5f18f26 -> 6293ca7f65e9641fcbe12100e705a990
  custom:scripting/monoscript/fileName/BuildGetEventExtraInfoFunction.cs: 1308a6936e8051866a117b3b7c2c7b77 -> 74bfc8c01f931108a3c2b127aa04cc8d
  custom:video-decoder-webm-vp8: 9c59270c3fd7afecdb556c50c9e8de78 -> 
  custom:scripting/monoscript/fileName/WelcomeView.cs: 07e35bfe1faa2c52c049eb30958acd54 -> f06c185659ea2f4a75f9397861dc6096
  custom:scripting/monoscript/fileName/DeleteMoveMenu.cs: 39c593e854a9a8ae0e6d34ceb587fce1 -> 4d026cbabd8105e38661f97da078042a
  custom:scripting/monoscript/fileName/PlasticApp.cs: c440a0fb380601a77ad475d6c15d4fa1 -> c57de230d90beac7b586f10b9c7c6cb5
  custom:scripting/monoscript/fileName/ChangesetsTab.cs: ef408d8aaf89e01b17643ed0c836680d -> 46dde8f7856048792ad2e75490bb8c5e
  custom:scripting/monoscript/fileName/DeleteBranchDialog.cs: efbbc070bfeda2b746e8b15a4380cb26 -> 8549b0fc52962c89115fd78724fee578
  custom:scripting/monoscript/fileName/IncomingChangesNotification.cs: 5d73d1f1a99af71ddd954044bdf322d2 -> caa8ea2c7336b9227381f0971759e01a
  custom:scripting/monoscript/fileName/DrawTreeViewEmptyState.cs: d4c16fd6aad8161eda7d99fd74cbb08e -> 
  custom:scripting/monoscript/fileName/ErrorsListView.cs: 7cfd18bb17e557401eb4aa1ca93dbfd5 -> cd35171982f17897dd5148dda46e0956
  custom:scripting/monoscript/fileName/UnityPendingChangesTree.cs: fd6f0a038401268983bd9328d10dec93 -> f391d9a00dc9e202cee4d4ebcf6d21c0
  custom:scripting/monoscript/fileName/ClientConfiguration.cs: 5f5e47bfb7cedc7420d7e59c6d7ae6f0 -> 01b18b09a6dbb3756e1f42a5b64aab0f
  custom:scripting/monoscript/fileName/AssetVcsOperations.cs: 50ee89e011ba3d800b4e7a9a24aca7e1 -> 
  custom:scripting/monoscript/fileName/EmptyCheckinMessageDialog.cs: e95636a2119dec4d0c1f323f7ba65603 -> 
  custom:scripting/monoscript/fileName/PlasticDialog.cs: b0aae1bf1889af041741f324070b7b84 -> 63a17a2b696bc2a13c9046aa16f8cea4
  custom:SearchIndexIgnoredProperties: e643bd26f0fe6173181afceb89e7c659 -> 
  custom:scripting/monoscript/fileName/AutoRefresh.cs: 9d30d5d3f0e8985355be1ab597da1dbb -> 0a8afde180a876655ad16caa14493409
  custom:scripting/monoscript/fileName/PlasticPluginIsEnabledPreference.cs: 7953272c37f4a828a3d1096e7479f346 -> 
  custom:scripting/monoscript/fileName/GetRelativePath.cs: 9b16eb2de9e98b392077181cc34243c1 -> ab04ae5e0cafb93ebf5c96148bb52df0
  custom:scripting/monoscript/fileName/UnityEvents.cs: 253411328de37811883aded592b97268 -> c830e584565fcd66ca0d5a23ad8b9bd6
  custom:AudioImporter_EditorPlatform: d09bf68614088b80899f8185d706f6e7 -> 
  custom:scripting/monoscript/fileName/DeleteChangeMenu.cs: 540c783b689e4d6a4a383862455d5d39 -> bfa368dc06e11abcc107d6f80c7c19c5
  custom:scripting/monoscript/fileName/DockEditorWindow.cs: 581124d5e19667105f2446d6dfbf7982 -> a9e5e467234133af999283610b6e84e6
  custom:scripting/monoscript/fileName/ProjectPackages.cs: e247c98bd45807b228765f9a94d82145 -> 9e9e13e39b2e9718b602503b87245c18
  custom:scripting/monoscript/fileName/BranchesSelection.cs: 7eb1fcb556f0fad697e4ec9d989be099 -> 33b36e7b03910960966036894ec90c7c
  custom:scripting/monoscript/fileName/SaveAction.cs: b68fbb4319dbb368959c40781b39fdf8 -> 27c387bb58f3a69b0c9ff60d2209e18f
  custom:scripting/monoscript/fileName/AutoConfig.cs: 6c4e7f9dc55323aa1299debfe9723aa6 -> bf4bbd2f2e752464ef51dbf102faed17
  custom:scripting/monoscript/fileName/DiffPanel.cs: 02288a38bd14cc2b52a25b302a6f154e -> 210366dab3631628227b9406f87a9b7f
  custom:scripting/monoscript/fileName/PlasticAssetsProcessor.cs: ff731c8aacf4a537dc74c7cf9eaeaed0 -> 
  custom:scripting/monoscript/fileName/DrawActionToolbar.cs: 52293cb82089e0370f52e257f41c0869 -> e05748a99799f26304c1bbafd90f703b
  custom:scripting/monoscript/fileName/TreeViewItemIds.cs: 7d654a2b5b3a10da3e7d8472196e96d1 -> 0cdf409b5aa8d4c25876d72b5c6a3b60
  custom:scripting/monoscript/fileName/EditorVersion.cs: 70953c9eccf7726f70c672a9a51619e9 -> 698aba075b19a52a056d67a7b809d179
  custom:scripting/monoscript/fileName/TeamEditionConfigurationWindow.cs: d06f049421c16e5927ec29f770917e09 -> e53b1ca5561894aaeff930afb696d001
  custom:scripting/monoscript/fileName/ProgressOperationHandler.cs: 5fbb4e0f656dcfaa4498bd2e492e4710 -> ec62666c0ca1649dd33cc6bc6834c6f7
  custom:scripting/monoscript/fileName/UnityPlasticTimer.cs: 961fdb6492c99b4a3eadbed28e78c4b0 -> 6c887e722e951c2964523825cad70c4c
  custom:scripting/monoscript/fileName/TreeHeaderColumns.cs: 9fc4a0396a421346b8aa3b7788860851 -> 316e5ea62e66b20fd6e687a6b9e5958e
  custom:scripting/monoscript/fileName/MergeOptionsDialog.cs: 25ac62df73845405e13f44e4dfdcf0d1 -> 9250ce23d260ab84f87bd5899c6cf983
  custom:scripting/monoscript/fileName/AssetFilesFilterPatternsMenuBuilder.cs: 8fe5de6e5dc3d42fb7e95de2aaedbf5a -> 0d99e7514c6a33cda8314deed8f34bc5
  custom:scripting/monoscript/fileName/MergeTreeView.cs: 143a828a1a236483d3cdc1d010ce9d51 -> 3feb38cec50d3fc7576ddbf07a9a9ce8
  custom:scripting/monoscript/fileName/PlasticNotification.cs: 3629fdff9f054b2013702f5b131b2c47 -> 
  custom:scripting/monoscript/fileName/ConfirmContinueWithPendingChangesDialog.cs: c0e147ff008a0b77c9337132a3ea70af -> 77462b1904ad8f6fee2f8da4523d59fe
  custom:scripting/monoscript/fileName/ChangelistTreeViewItem.cs: a4a6f6169cdb3afe249e104e2b7b1a2c -> 87f69636be8bd1a264ec4eac1bffa701
  custom:scripting/monoscript/fileName/CollabPlugin.cs: bda741ff77a19affbf276298e29313ec -> ca276d65e7cd77c5c99d9f119ffdb215
  custom:scripting/monoscript/fileName/TabButton.cs: 757146b89ed597b1d75c77241e5d5f63 -> 
  custom:scripting/monoscript/fileName/LaunchTool.cs: 3ac53c8af1f56365aad9e1ae5366d98d -> 60773d78646dc188d4b2caca77f20b17
  custom:scripting/monoscript/fileName/RunModal.cs: 33b931100ee477e6812324eabaa2e837 -> c83ee2ef642c5d8b8dfd32f033bfc438
  custom:scripting/monoscript/fileName/BranchListViewItem.cs: 8fdaa5aa842f5a70237affa304b9d506 -> 55028f4aef24d6227589aaa95582b2ff
  custom:scripting/monoscript/fileName/GetAvatar.cs: 07c98163f75f0b7c672bd453fc82bf61 -> 04ffae2a9e5a4c32a119f93144f558d2
  custom:scripting/monoscript/fileName/MoveAddMenu.cs: 81d47caeb9f49803adfe1627c8ce5bf4 -> 1fbfab870b2e95fdd8a81f6019f764df
  custom:scripting/monoscript/fileName/FindTool.cs: fc3b0710b24078288fe829d0bb041dd0 -> 2f9d82566cfb01fb68fc30111fb47624
  custom:scripting/monoscript/fileName/ChannelCertificateUiImpl.cs: 75d7831ab5da75cc0082e28863abb142 -> cefccf1e13b7bcf15e3c9f2dd4cd2fc8
  custom:scripting/monoscript/fileName/ApplyCircleMask.cs: 02eb67e485278e7c9b719fee5ff90f4a -> b955b378d261fdcbd6272fe8711d1e4f
  custom:scripting/monoscript/fileName/AssetMenuOperations.cs: 131bfc7279b97eba576abe13a47f8f91 -> ebcce67603e288b4a84d49287db6ef5a
  custom:scripting/monoscript/fileName/VisualElementExtensions.cs: cd98f4a51563fccdfc39eed097290325 -> 0aad2728225c469038631668406aebb3
  custom:scripting/monoscript/fileName/LocksSelector.cs: 70b046a562568fd78d093736e68a3a58 -> 7b0f4fc5552c1d92ba7f4648526ceb21
  custom:scripting/monoscript/fileName/ListViewItemIds.cs: 8f6297df34271fdb1ce2d9607ec6261d -> 90647cc400823b41df847a6cbfc29026
  custom:scripting/monoscript/fileName/CreateWorkspaceViewState.cs: 1deb37b3c17c224d9a7dca9c990ea191 -> 0fe23b7cca9336b31a27790c714de652
  custom:scripting/monoscript/fileName/MergeLinkListViewItem.cs: ebc1e6f9e3a3005d8f4c51a794adfdaa -> 3fa407d29597803190dd374d88ed170d
  custom:scripting/monoscript/fileName/DrawCommentTextArea.cs: ad5449f632fd412ac0f7ba0d171fd453 -> c58c26552f95f108a8d9610eaf001fbc
  custom:scripting/monoscript/fileName/ErrorsListHeaderState.cs: f366e16fac061f262479ccab9ff07a93 -> b961336a4a43551eb826f97c57673007
  custom:scripting/monoscript/fileName/MergeViewDirectoryConflictMenu.cs: d45972e8b5f74223c607a4daa895ff3d -> fad8e1937fc14fd75ca21a68ee1037b8
  custom:scripting/monoscript/fileName/RefreshAsset.cs: 4479d2949a66a97f66d1e550067f3767 -> 5a15c606785f1f54a697bb0d0d846dfb
  custom:scripting/monoscript/fileName/BoolSetting.cs: d67f952c3a5976591f3e9a9e7356bbab -> 12bf039ccd38b0f4ccfffbec3cbbf108
  custom:scripting/monoscript/fileName/CreateChangelistDialog.cs: 774371d4233cc1d394d98dc80507a1f8 -> 386b03e27c951c5f1d63daf7aae486ca
  custom:scripting/monoscript/fileName/HistoryListViewMenu.cs: 15a489e494f04a7ea37a587c7601070e -> 29770348599c8d5473b78d72e5741b40
  custom:scripting/monoscript/fileName/MergeViewFileConflictMenu.cs: d7362b83d6b320a0f0ceaf99dbe21727 -> 8fc0f292158abfa71c2c7b3b6f38d32a
  custom:scripting/monoscript/fileName/FilterRulesConfirmationDialog.cs: 5186d89f21d03764f0cca01c2a0122d7 -> 9c91c6c91f20e6d013a753f32343b327
  custom:scripting/monoscript/fileName/ChangesetsSelection.cs: d154d1782ed752b83834c54a0bde3df9 -> 8b9d539af9f7e269bac4e3d79e9ffab8
  custom:scripting/monoscript/fileName/AssetPostprocessor.cs: 96208057b904410715a8df295ba4f8f4 -> 
  custom:scripting/monoscript/fileName/IsResolved.cs: 67a72533af97b9ab7830798057ab806c -> f54a3e2c5134aa4306f9ad150b1911a9
  custom:scripting/monoscript/fileName/LocalStatusCache.cs: a558fcf5f34357bab4cfc7b75e2bb356 -> 30974ea30517fbfd1b93153f6c849a76
  custom:scripting/monoscript/fileName/RepositoryExplorerDialog.cs: 143e7416b576681e1f2ea71288e530e6 -> eea34924da79ad7254f3e141a891c78d
  custom:scripting/monoscript/fileName/WorkspaceWindow.cs: ff52e13cd29dacd66db0169e14f71a23 -> b042f06133312d3bfed176231d97d77c
  custom:scripting/monoscript/fileName/BranchesTab_Operations.cs: 764cb17e9337c58ad4f5304b60b2042e -> 57c33f76c527a5aba4d269245ffff188
  custom:scripting/monoscript/fileName/PlasticShutdown.cs: a8df8eeeed98372d06e446171a192a6d -> 
  custom:scripting/monoscript/fileName/FilesFilterPatternsMenuBuilder.cs: 28072cd275c96994687e6d4d0d6e1dff -> cf716a8d336c8113475a9ca67a799ec1
  custom:scripting/monoscript/fileName/HistoryListViewItem.cs: 2d3b1fc954b6bdbae298ec250ade0663 -> 96f2b67ec620b83e35d13f11877e1ac1
  custom:scripting/monoscript/fileName/RemoteStatusCache.cs: 00463e6b90cfe7da080d7c266f783980 -> 402d5663f3675e9324c129274b0c00f2
  custom:scripting/monoscript/fileName/EnumExtensions.cs: 24df84756ec75feecd53a80a0991ea16 -> 872fcb89b813d64606e680211dede528
  custom:scripting/monoscript/fileName/EditorWindowFocus.cs: 1012e4e2e29e9b29bdcc03d8b92762a8 -> f258b0cf85078a7435d001e522d5e8e3
  custom:scripting/monoscript/fileName/NewIncomingChanges.cs: fc48261878ef7e4b956e7172f5803aee -> 
  custom:video-encoder-webm-vp8: eb34c28f22e8b96e1ab97ce403110664 -> 
  custom:scripting/monoscript/fileName/UnityIncomingChangesTree.cs: f774bb8bf0bd45a254894c795843c695 -> 42967773c43d3de5d23be4ddc6dfd9c4
  custom:scripting/monoscript/fileName/UnityDiffTree.cs: 447fc3a8922f56330f4bae8c9dc9a8be -> 1029ffd567bc0e646e6b119719dcb2ff
  custom:scripting/monoscript/fileName/TreeHeaderSettings.cs: 114eb9e27124403e8e111494b8eaf987 -> 662b1714c0fce36da72bbfe60201987a
  custom:scripting/monoscript/fileName/UnityConstants.cs: 0eb92bed4b0c568cb341161b4319c2db -> e3d3c3e11a194da9e5bbbfb97087a7bd
  custom:scripting/monoscript/fileName/IsExeAvailable.cs: 3e4283303610c884e542b8f6d3e922d4 -> 4a3dbc5ded94087064afd97407f26631
  custom:scripting/monoscript/fileName/LoadedTwiceMenu.cs: 961f9b82936caa7937046ac23d323c2c -> b54aa2e14eb740621bb6f926af7cb8ef
  custom:scripting/monoscript/fileName/AutoLogin.cs: e67ed70aada38469aeb667115929c368 -> b4cb98371fc38cca00d7123b7e649e12
  custom:scripting/monoscript/fileName/DrawMergeOverview.cs: 1db93bf179b38015949e3a3cb6ef1bd3 -> 49e0e525c3c170f79c20dc6779b7ead8
  custom:audio-decoder-ogg-vorbis: bf7c407c2cedff20999df2af8eb42d56 -> 
  custom:scripting/monoscript/fileName/UpdateReportLineListViewItem.cs: a101f0ba5292fc139445870b3f4af838 -> 9f63395e1ea590dbbab4d59cd0032ac4
  custom:scripting/monoscript/fileName/DrawSplitter.cs: ec7e8739eacabcca3e2946d9833eea0f -> d2f114a8e8e4167f7762d835a83b2f55
  custom:scripting/monoscript/fileName/LaunchDependenciesDialog.cs: e1c527862a66e73f0417ae177d7fdfb5 -> 2cabf22eb95430074b6c730a84e03493
  custom:scripting/monoscript/fileName/CredentialsResponse.cs: 96b135ae1c4ea541dc762170ea524fa9 -> 3dd2507693e56dac75ee7783f598cbb9
  custom:scripting/monoscript/fileName/LaunchDiffOperations.cs: aeae601320588a70eea7590a2f7e0f69 -> 871a0804a9fe2d9f2ad088303a89a63e
  custom:scripting/monoscript/fileName/PlasticSplitterGUILayout.cs: 111849f67dfbfea65ad2a9298ad1654d -> 
  custom:scripting/monoscript/fileName/CheckinDialogOperations.cs: 0b2a2cd4c41cf1865a29cf91b2a96a48 -> d032d69e8060311c06b88286e8f22ddd
  custom:scripting/monoscript/fileName/PendingChangesViewMenu.cs: 68fab310addfd7068cfd7920070496ff -> 9b0019b6df6bb14eb3a2dbafa53fb54b
  custom:scripting/monoscript/fileName/AssetsSelection.cs: 35cec24e81f0cb1de51daeb356abc4ff -> 0227d7ff4d5687932d10967a945a9b06
  custom:scripting/monoscript/fileName/EnumPopupSetting.cs: 8f6297df34271fdb1ce2d9607ec6261d -> 90647cc400823b41df847a6cbfc29026
  custom:scripting/monoscript/fileName/PlasticConnectionMonitor.cs: 920e8e381bfc94da8bb69d336dda57ca -> 
  custom:scripting/monoscript/fileName/DiffAndMergePreferencesFoldout.cs: ca66ad883a35933771fab24b1f247ea9 -> 
  custom:scripting/monoscript/fileName/HistoryListHeaderState.cs: 6226ef13a567fa81584864f8698be331 -> a87e0364d14866c369ad50d669bdfa85
  custom:scripting/monoscript/fileName/CloudEditionWelcomeWindow.cs: c886fdb39f4b8787e6ea3701a8f88f4a -> b1721e471183956468462f6b64901640
  custom:scripting/monoscript/fileName/AssetsPath.cs: 367269acf8f676d2cdd30fdc387b3920 -> e0e986124adc46d913f0683c34b88c9f
  custom:scripting/monoscript/fileName/MetaPath.cs: 1f80313a7ce6ec6ece505285578f5745 -> 417a84eb354831f828a6752b26c8592d
  custom:scripting/monoscript/fileName/CredentialsUIImpl.cs: 90e9c2de8d7bdd8424e0d89c415108ae -> dbacf67c37819fd95562fe169e706732
  custom:scripting/monoscript/fileName/ChangesetsViewMenu.cs: b720f0168f4ce1b1e0d358a6d5ec9a42 -> 7d1a2de81910b5990e71a0bfff26fdca
  custom:scripting/monoscript/fileName/UnityPlasticGuiMessage.cs: 2a7f71f59c0d7dc731fd345a3713957c -> 24eef0792e3802809607a7f9d04b8f1d
  custom:scripting/monoscript/fileName/OrganizationCredentials.cs: ee462057b3bd23cc3dab953ac4d656e2 -> 0b123406cadd651e9adc01c85fab5124
  custom:scripting/monoscript/fileName/StatusBar.cs: 392933116703b8e69a96dc0b873bf6f1 -> 
  custom:scripting/monoscript/fileName/IsCurrent.cs: 7343ceec4312304bb8b398eeb6c375fa -> cf1fd01890d0fd9f011c1a1a491e2cf0
  custom:scripting/monoscript/fileName/ChangesetFromCollabCommitResponse.cs: b986ab8b1acd322b0367812e2d541734 -> ba336e4117e1b7ee28e4c17197bc3d0e
  custom:scripting/monoscript/fileName/MoveToChangelistMenuBuilder.cs: 3a2ef8cb0baf69e5dadeafc731fe32a9 -> a90b3e388d3e1316fa104d4c9a03e2d1
  custom:scripting/monoscript/fileName/LoadingSpinner.cs: b3299af90b664a9f42123e7df43fae24 -> 6aff0ac022d117a8e24a7b5e4b11904c
  custom:scripting/monoscript/fileName/LocksTab.cs: 134c512484ae73354c15c06a6dc69f9f -> 00ffb5a39c16fdc2d733c7e53471a3a9
  custom:scripting/monoscript/fileName/BranchesTab.cs: 764cb17e9337c58ad4f5304b60b2042e -> 57c33f76c527a5aba4d269245ffff188
  custom:scripting/monoscript/fileName/ToolConfig.cs: 18b1ea271ce5e7b6deea7b4e8e175269 -> fcffc3165b047f54ed6ccafa4c8760dd
  custom:scripting/monoscript/fileName/DropDownTextField.cs: e66e7314096900597993d2b353757d8d -> c8fc484ce140049ff31ebc2c6cbebf28
  custom:scripting/monoscript/fileName/AssetsProcessor.cs: 47679a6e15b70f4fef48eb1b2df31b19 -> 18737889e95cd4088e8dfd4153fa8f40
  custom:scripting/monoscript/fileName/DrawActionButton.cs: d847a7d82ac92cab2b3d0ae268cefb3d -> 81e6708d2b8fa199354e53f85db731a8
  custom:scripting/monoscript/fileName/TableViewOperations.cs: ddc7b903e0dbd6bd109f2bd709b95f0e -> bef3a31deb1fe794a90f767d16e4c868
  custom:scripting/monoscript/fileName/UpdateProgress.cs: 5b04f01bf199310f09ab9522f89c78f4 -> 281e1e05168d6a30be1d8d2f6200bef8
  custom:scripting/monoscript/fileName/OrganizationsInformation.cs: b3f0758c6655b2dad1161792812992fa -> 5f067ea8d90fc79055a3dcfd58ae6dca
  custom:scripting/monoscript/fileName/ChangeDeleteMenu.cs: 652dcd6f863c509bfa0376b6d95ab1ec -> 4fefe66d6e279ce0ac2fdc57d409f232
  custom:scripting/monoscript/fileName/SubscriptionDetailsResponse.cs: e10e0299ef716630c63b8cf5f792cda0 -> e5121cec860a6d1097cc809217b3d8fe
  custom:scripting/monoscript/fileName/DrawProgressForDialogs.cs: 5f8d39e3ea7c4a42148c6b1a7b4ca061 -> a5f2abd8875e7a6afbc171fabfbae81f
  custom:scripting/monoscript/fileName/ToolbarButton.cs: 47dc767626bbd94d66707af31ddc5eb6 -> 
  custom:scripting/monoscript/fileName/ProjectViewAssetSelection.cs: 349dc288d32791de51156d4e59000b7b -> 2560eadaf6a13a74a46a4a207cd5a8b6
  custom:scripting/monoscript/fileName/DrawTreeViewItem.cs: cceebc4f1185658619e40964f29acb08 -> 0921a62a588ab864253743d1f07afb5a
  custom:scripting/monoscript/fileName/DrawSceneOperations.cs: 2426c0c2ee58cd28be59874f6425940c -> d87f46f9fb97181a2f51490ea2e1efc3
  custom:audio-encoder-webm-vorbis: bf7c407c2cedff20999df2af8eb42d56 -> 
  custom:scripting/monoscript/fileName/DrawActionHelpBox.cs: dcd6ec2e7fb1b44f22c4a79ff87b70cd -> c8f6be9dab1e6f8d71e0c63c29679186
  custom:scripting/monoscript/fileName/PendingChangesMultiColumnHeader.cs: 21802cc6929e0e180fb4f0be8e34d9d0 -> 722de7d6e07a79981d750438e6febb8f
  custom:scripting/monoscript/fileName/EditorDispatcher.cs: c739e073a8c38dbcf59192f45d1004c5 -> 3c402eae57d73cc54863f3f6a13096ae
  custom:scripting/monoscript/fileName/MovedEvilTwinMenu.cs: ce111941dc7264d29598ce7fd2770927 -> d480b839850d28c1c9526cb587fc752d
  custom:scripting/monoscript/fileName/IIncomingChangesTab.cs: d4ceabdc48d8a1872bbe87f04d89a4ff -> 40644cd18074db84684b9e437bf8fa77
  custom:scripting/monoscript/fileName/GetChangesOverlayIcon.cs: f00e4b795697c6cf3092760f3b6fc49d -> d599d6efdee28305661bc0cf6683858a
  custom:scripting/monoscript/fileName/EvilTwinMenu.cs: 475a88947051822ca4915306469f9bcc -> 919e4faae0573e49949f6dfbb5a733da
  custom:scripting/monoscript/fileName/ChangesetsListView.cs: caae0aefb36c869f50691482a5cd0944 -> 87b74e0d80cf59010f55e2baaeb6679d
  custom:scripting/monoscript/fileName/UpdateReportListView.cs: 2d8fccdaad50bbd7454b52cf9cb4a0f9 -> 08d26df1ab6c3a7628addc5e54e50b08
  custom:scripting/monoscript/fileName/UnityConfigurationChecker.cs: 59a8f0715a7c89a752351bf42f94abbd -> 874cd65cce0384fef4b60e71fb08a429
  custom:scripting/monoscript/fileName/CheckWorkspaceTreeNodeStatus.cs: 5e11ff64963669981115eb58dc2b6e8b -> 1e1255b803bf7cbc935bb804bf0dbe7b
  custom:scripting/monoscript/fileName/PlasticPlugin.cs: a57c142b98ca3d4daad221737fd72924 -> c64561980f26020cc3206ae8b1047268
  custom:scripting/monoscript/fileName/SwitchModeConfirmationDialog.cs: 4d9c02587760213784bfe53d012122b4 -> 30cd71d0b3ee4b2689cde689908d301e
  custom:scripting/monoscript/fileName/PlasticWindow.cs: fc467478941f610919bc69526ba2c215 -> 
  custom:scripting/monoscript/fileName/PlasticExeLauncher.cs: caa0b5dda5df50c85bb19d27252d16b9 -> f1da27253760250030952f02cb54965a
  custom:scripting/monoscript/fileName/BranchesViewMenu.cs: 8089f11c30784e2e57775dd6cdbae898 -> 7bfc83e917c9b0b5aa423bb947ce2a38
  custom:scripting/monoscript/fileName/CooldownWindowDelayer.cs: 7816cfcad485500dbac9993c4502ea69 -> 4c95e39c8dd4cfa1bca106097fdb6524
  custom:scripting/monoscript/fileName/GetInstallerTmpFileName.cs: fa7bda723ac795b48e38504727f44981 -> d09e0b5c7a9af5874530e17ef23025f0
  custom:scripting/monoscript/fileName/AssetModificationProcessor.cs: a602c9e59e7db185e3a0d68d986e6fef -> 
  custom:scripting/monoscript/fileName/IsCollabProjectMigratedResponse.cs: 4c3294c6a51e6f42161d191230692016 -> af2b76c693935deee55cfcaed2aa7568
========================================================================
Received Import Request.
  Time since last request: 55941.468258 seconds.
  path: Assets
  artifactKey: Guid(00000000000000001000000000000000) Importer(815301076,1909f56bfc062723c751e8b465ee728b)
Start importing Assets using Guid(00000000000000001000000000000000) Importer(815301076,1909f56bfc062723c751e8b465ee728b) [PhysX] Initialized MultithreadedTaskDispatcher with 32 workers.
 -> (artifact id: 'ae5280ad91af67e2a353905758f96678') in 0.001844 seconds
Number of updated asset objects reloaded before import = 0
Number of asset objects unloaded after import = 0
========================================================================
Received Import Request.
  Time since last request: 7.010298 seconds.
  path: Assets/New Folder
  artifactKey: Guid(6ee1f8e9d33fc994098a5f88ae072b0f) Importer(815301076,1909f56bfc062723c751e8b465ee728b)
Start importing Assets/New Folder using Guid(6ee1f8e9d33fc994098a5f88ae072b0f) Importer(815301076,1909f56bfc062723c751e8b465ee728b) [PhysX] Initialized MultithreadedTaskDispatcher with 32 workers.
 -> (artifact id: '6a9b4565e804f69bf57e65a7fff158dc') in 0.000385 seconds
Number of updated asset objects reloaded before import = 0
Number of asset objects unloaded after import = 0
========================================================================
Received Import Request.
  Time since last request: 7.924001 seconds.
  path: Assets/Game manager
  artifactKey: Guid(6ee1f8e9d33fc994098a5f88ae072b0f) Importer(815301076,1909f56bfc062723c751e8b465ee728b)
Start importing Assets/Game manager using Guid(6ee1f8e9d33fc994098a5f88ae072b0f) Importer(815301076,1909f56bfc062723c751e8b465ee728b) [PhysX] Initialized MultithreadedTaskDispatcher with 32 workers.
 -> (artifact id: '663c8a38218d2cce322115994a6eee25') in 0.000337 seconds
Number of updated asset objects reloaded before import = 0
Number of asset objects unloaded after import = 0
========================================================================
Received Import Request.
  Time since last request: 19.140590 seconds.
  path: Assets/Scripts
  artifactKey: Guid(6ee1f8e9d33fc994098a5f88ae072b0f) Importer(815301076,1909f56bfc062723c751e8b465ee728b)
Start importing Assets/Scripts using Guid(6ee1f8e9d33fc994098a5f88ae072b0f) Importer(815301076,1909f56bfc062723c751e8b465ee728b) [PhysX] Initialized MultithreadedTaskDispatcher with 32 workers.
 -> (artifact id: 'a49eb3aa1b7133ce4aeb17e402e6d871') in 0.000313 seconds
Number of updated asset objects reloaded before import = 0
Number of asset objects unloaded after import = 0
========================================================================
Received Prepare
Caller must complete domain reload
Begin MonoManager ReloadAssembly
- Loaded All Assemblies, in  0.365 seconds
Native extension for WindowsStandalone target not found
Mono: successfully reloaded assembly
- Finished resetting the current domain, in  0.488 seconds
Domain Reload Profiling: 851ms
	BeginReloadAssembly (152ms)
		ExecutionOrderSort (0ms)
		DisableScriptedObjects (10ms)
		BackupInstance (0ms)
		ReleaseScriptingObjects (0ms)
		CreateAndSetChildDomain (38ms)
	RebuildCommonClasses (32ms)
	RebuildNativeTypeToScriptingClass (11ms)
	initialDomainReloadingComplete (28ms)
	LoadAllAssembliesAndSetupDomain (139ms)
		LoadAssemblies (205ms)
		RebuildTransferFunctionScriptingTraits (0ms)
		AnalyzeDomain (17ms)
			TypeCache.Refresh (8ms)
				TypeCache.ScanAssembly (0ms)
			ScanForSourceGeneratedMonoScriptInfo (4ms)
			ResolveRequiredComponents (3ms)
	FinalizeReload (488ms)
		ReleaseScriptCaches (0ms)
		RebuildScriptCaches (0ms)
		SetupLoadedEditorAssemblies (203ms)
			LogAssemblyErrors (0ms)
			InitializePlatformSupportModulesInManaged (3ms)
			SetLoadedEditorAssemblies (3ms)
			RefreshPlugins (0ms)
			BeforeProcessingInitializeOnLoad (33ms)
			ProcessInitializeOnLoadAttributes (151ms)
			ProcessInitializeOnLoadMethodAttributes (10ms)
			AfterProcessingInitializeOnLoad (3ms)
			EditorAssembliesLoaded (0ms)
		ExecutionOrderSort2 (0ms)
		AwakeInstancesAfterBackupRestoration (5ms)
Refreshing native plugins compatible for Editor in 2.17 ms, found 4 plugins.
Preloading 0 native plugins for Editor in 0.00 ms.
Unloading 3553 Unused Serialized files (Serialized files now loaded: 0)
Unloading 17 unused Assets / (30.0 KB). Loaded Objects now: 4043.
Memory consumption went from 129.0 MB to 129.0 MB.
Total: 2.010900 ms (FindLiveObjects: 0.175700 ms CreateObjectMapping: 0.060300 ms MarkObjects: 1.743900 ms  DeleteObjects: 0.030400 ms)

Prepare: number of updated asset objects reloaded= 0
AssetImportParameters requested are different than current active one (requested -> active):
  custom:scripting/monoscript/fileName/IncomingChangesTab.cs: 8a20aca125f6d4b837670edb6e36bc05 -> 82bff1d960538992d4e618d909869d2e
  custom:scripting/monoscript/fileName/DiffSelection.cs: 34faf7c86f7e0c9a01162e930679d82f -> 1460aaba4240ef35322cb9c198487990
  custom:scripting/monoscript/fileName/MoveDeleteMenu.cs: f1a7b8a8be76c035d934c51863f3b934 -> c4ad4528e772c33a6167006886a8d1da
  custom:scripting/monoscript/fileName/DateFilter.cs: de3aab0283a2b4a1d4d64145b14132d5 -> 3a6cb8c2e3ffbb5a9052e322ee5bf411
  custom:scripting/monoscript/fileName/PerformInitialCheckin.cs: be22d181e456c0a8a5713675f29ac72a -> 8ef9a9f407b8b94b2b5fad9d24e61f79
  custom:scripting/monoscript/fileName/ConflictResolutionState.cs: d9394655856a9fc1a0b280bc997bac16 -> 74a230000ff2fd58c5a60ab4258207dc
  custom:scripting/monoscript/fileName/FindWorkspace.cs: 39bbd18bfe6bf4a99f5c185dcda4dd4a -> 6af6c9e9382fef881c020ab184e6f7f5
  custom:scripting/monoscript/fileName/IncomingChangesNotifier.cs: 10fad815611441fb3a805150421ed991 -> 
  custom:container-demuxer-ogg: 62fdf1f143b41e24485cea50d1cbac27 -> 
  custom:scripting/monoscript/fileName/CheckinConflictsDialog.cs: d3af1d70d3f60a9847d2942647274222 -> e13fa04a97fb675842c94586fc602871
  custom:scripting/monoscript/fileName/AuthToken.cs: d22b2893825e943bc1389be142abd57e -> 0fba7e8eb1ec8b699f274cdc956451b2
  custom:scripting/monoscript/fileName/ProgressControlsForDialogs.cs: 6bf8e69ac7dc2163fe988e5d8181ce88 -> 7e6bd1727985204e3b64e1946e589b1c
  custom:scripting/monoscript/fileName/AssetStatusCache.cs: beede06d8a6d93e7907fd192ad653f2b -> 260d5f85663ac58b2a7e9553c453bc3e
  custom:scripting/monoscript/fileName/OrganizationPanel.cs: d7ac1288bef1b15a05bb26d201a4d87f -> 57a57e6a345dbd536e91c348b70943a9
  custom:scripting/monoscript/fileName/ChangeCategoryTreeViewItem.cs: efd70108e1f6ff61ed2723220486adfc -> fd14db176fff061715c8ec88ced1902f
  custom:scripting/monoscript/fileName/CurrentUserAdminCheckResponse.cs: cec2f173fe8732108711c497674c6f66 -> d57c2dcace740834acd59fdfbc5023b8
  custom:scripting/monoscript/fileName/UIElementsExtensions.cs: a191d7293be4538b0adb29dfe5b06a46 -> 52e0d612ab032e4d22e9558b90396b99
  custom:scripting/monoscript/fileName/CreateBranchDialog.cs: c429477092287209232592c8cde1a615 -> 9eb29fda08033b4f847247136c412db6
  custom:scripting/monoscript/fileName/DrawCreateWorkspaceView.cs: 6422239d8f649480614f0dd4f018b7f2 -> c6039ac84d85ab3926aa94de163a9f7d
  custom:scripting/monoscript/fileName/ProjectPath.cs: 5634ebdbea8ca94089eb9622d1b60497 -> 2007f972d3a73eeb86dfe05e849c7f69
  custom:scripting/monoscript/fileName/SSOCredentialsDialog.cs: 8967ceae1bc195ea8dd32b23c42dd852 -> e140ede12a96f68f30062138385171c3
  custom:scripting/monoscript/fileName/DownloadPlasticExeDialog.cs: 2dd40c53d0303d041a27a44a95c331cb -> 093cfe0607c2346a88cdfdfe1435614f
  custom:video-codec-MediaFoundation-h265: 746d11721c4dcdbdad8f713fa42b33f4 -> 
  custom:scripting/monoscript/fileName/PendingChangesTab_Operations.cs: c99065f3c85ec85c85ece2a1a30665af -> 15ae6787065f4af65778e981f418a60b
  custom:scripting/monoscript/fileName/LocksListViewItem.cs: cc9cd24c5be4f7363367cba72f12aad4 -> f4a19fabbec093eb3d6a7e1cd4f42611
  custom:scripting/monoscript/fileName/PendingChangesViewPendingChangeMenu.cs: 561ad0f702e1db14300a4a5f810051f9 -> 9a6ef2277212bf26d647c7f12f946287
  custom:scripting/monoscript/fileName/SignInPanel.cs: f7e82045994d4eefe3b021faa87b55c6 -> bac0318ce35e37bed3a2cc8137452435
  custom:scripting/monoscript/fileName/DrawInspectorOperations.cs: 61c4a6a6507d8f84ef5bdf5cba3f0aee -> 8c94fe642e98309082411f46db89106b
  custom:scripting/monoscript/fileName/DrawDirectoryResolutionPanel.cs: b77d9918f02a8eac64394aaf99fa4b28 -> e4e3c9b4bc511687802b504b71016540
  custom:scripting/monoscript/fileName/CloseWindowIfOpened.cs: d820344e932a12600b5fe6fb7e9f1563 -> ce229ef3b7461ff17e2c1af0695a6657
  custom:scripting/monoscript/fileName/SaveAssets.cs: e472a52843752df7d7ad4ca6b2c8da98 -> b56abea3d51c742ac29e4aec958afad6
  custom:scripting/monoscript/fileName/MergeViewMenu.cs: 93bc40369a2f104c249cef1d685ad358 -> c1676e16bdcf215f6595ea9de7a1fc33
  custom:scripting/monoscript/fileName/RepositoriesListView.cs: 9f95c83dc460fb03fb0916472f14b8a7 -> 95287f65338ca0073ad04002a16eaaf7
  custom:scripting/monoscript/fileName/HandleMenuItem.cs: 740e54c5f6dca1acc88cad87af74b744 -> b4ad1ecc5243212c5967125ad5e41b1f
  custom:scripting/monoscript/fileName/ScreenResolution.cs: 5c975132cf4e36dcc261bd0acd604271 -> 7bb7bb5b955671820101b322f0a7bf3d
  custom:scripting/monoscript/fileName/ApplicationDataPath.cs: 8e4094e28762fb76a1baecfe90c6b65e -> 3e8c4ea8debfda8013fed860ac233d22
  custom:scripting/monoscript/fileName/MergeSelection.cs: 6deb9bc55c10a7ac7c9f905a7b92dbe8 -> 630eecd27cae3311e65e09d9c63da8b7
  custom:video-decoder-ogg-theora: a1e56fd34408186e4bbccfd4996cb3dc -> 
  custom:scripting/monoscript/fileName/RepaintInspector.cs: f134606300316994850c28a68d0cb5a3 -> 
  custom:scripting/monoscript/fileName/LockStatusCache.cs: 5e3725e03dc21c716034553589a67eae -> e99b3f34c5cd3eb73ec19439af1f7f80
  custom:scripting/monoscript/fileName/DiffTreeView.cs: 68195907d129ef826aa6b6df7202696d -> 49f46fd2a65ea674a218eead75f27aac
  custom:scripting/monoscript/fileName/DependenciesDialog.cs: 82d30fc8d5e1a73ec0d1ee9acc00fbc2 -> c8902186ab2f4e6471b5dd147afb01b6
  custom:scripting/monoscript/fileName/ChangesetListViewItem.cs: 95a197949f1e777703db60eea8cc21b3 -> d742a4910e302777daa1ccb9c8e92cb9
  custom:scripting/monoscript/fileName/LocksViewMenu.cs: fda08381fa9abca53b6eaf3bf55f14f8 -> 186d8514e824865b191ba1829afe4b33
  custom:scripting/monoscript/fileName/IncomingChangesViewMenu.cs: 5f96afa82d3e2a8078206b7f6d3b0752 -> 13196979a03411533716f6775c9a624b
  custom:scripting/monoscript/fileName/QueryVisualElementsExtensions.cs: 75ea535788abf9c38ba9341c984a6241 -> a49740b6efbb934f55475cc70b864a4c
  custom:scripting/monoscript/fileName/DivergentMoveMenu.cs: 5b146ed65a6a030ab7d86a0d711244f7 -> 98d76b5791494212a0c25aa6a4af7288
  custom:scripting/monoscript/fileName/WriteLogConfiguration.cs: 1a8401f47b522f631a3dc005105719f5 -> 1589212d1638ae91a029ea3ddf9999f2
  custom:scripting/monoscript/fileName/DrawTextBlockWithEndLink.cs: 1cc3e67c46bd397f9508f124a3366994 -> 
  custom:scripting/monoscript/fileName/FileSystemOperation.cs: c31a686e69e66801c204a11be56c950a -> f0ccbe91654279794a85bf6f1c034716
  custom:scripting/monoscript/fileName/MigrateCollabProject.cs: af93695e471d9c8e4ad014c4165f2c3c -> 9f3487f03a783b35518405572f20ac9e
  custom:framework-win-MediaFoundation: 216162199b28c13a410421893ffa2e32 -> 
  custom:scripting/monoscript/fileName/ProgressControlsForViews.cs: 7d677c6df38ab15cf390062b5b0bb854 -> a8a18a90f46aa63848e1e45d8d7ff9af
  custom:scripting/monoscript/fileName/DrawAssetOverlay.cs: 04a46044def089f0abcdafdd281e3646 -> 
  custom:scripting/monoscript/fileName/NewBehaviourScript.cs: b21687ddb03d73bd9f0c1daecb9714de -> 
  custom:scripting/monoscript/fileName/ProjectWindow.cs: c62567a3d71fd74636bc783de5162474 -> 
  custom:scripting/monoscript/fileName/MergeLinksListView.cs: 826afb5fb5988163105086b4bf5027af -> c9488671ae9b14523680d0c19097baa0
  custom:scripting/monoscript/fileName/UnityCloudProjectLinkMonitor.cs: a6d5b729fcd63f578363f7929a986e8b -> 86b74508945daf368996ea82904ac8da
  custom:scripting/monoscript/fileName/EditorProgressBar.cs: 7418be9b22aaea32732f8a5f49569d1c -> 08c2f2b90ef64df631d46389f0e22c8e
  custom:scripting/monoscript/fileName/MeasureMaxWidth.cs: cd9322680ae61d38397008451b7ed0ed -> 1569e3f1dad91a9b01cba66ab6aa30b0
  custom:scripting/monoscript/fileName/ChangesetsListHeaderState.cs: 69fc4f1a2bc3782d7043ec48961a3616 -> fe1392f9b135da83e13fe8a5e5f39fc2
  custom:scripting/monoscript/fileName/PendingChangesTreeHeaderState.cs: 7d278b5569d28437d07554a3bbb56e1b -> 5d7f70d142c9ac67864ec14950523d62
  custom:scripting/monoscript/fileName/ChangelistMenu.cs: ca33bac56b3a337faa90a1b1bba632d6 -> c1bf5aeb760cc5eae584ea3944d6531b
  custom:scripting/monoscript/fileName/MissingEncryptionPasswordPromptHandler.cs: 7f5831fc8a41e9cadd84fcfd0e885072 -> 5d7b9646eb14a39b6d3d5bab19d266ff
  custom:scripting/monoscript/fileName/NotificationBar.cs: d1a4cf5e8103d80fd25347275f906aa8 -> 50f1a85fa18d94338418def78dcd8543
  custom:scripting/monoscript/fileName/UnityThreadWaiter.cs: dbd556f2802baab90a20da38c288d36c -> 99333406d92d10003984b4d1920de2f9
  custom:scripting/monoscript/fileName/CredentialsDialog.cs: 179b5e49656a1623c2e79d838f0f5876 -> c785d5e40f8d66b7ef7ba04ee7c324e0
  custom:scripting/monoscript/fileName/GetRestorePathDialog.cs: e21eb9983f0b989125951478cd5e9b35 -> 353d1126ca2d2063d5bdbd06806ffc08
  custom:scripting/monoscript/fileName/UpdateReportListHeaderState.cs: 64a5bf775d221ad9a5ff8c78a1e0e1fa -> d6cbe54be2898ed2c96c2e79572c2e08
  custom:scripting/monoscript/fileName/LocksListView.cs: 8c6202774eebcf67be9c3b5a2926cc7c -> 7aa51ff93bcc98aa05dec8b46ec200c4
  custom:scripting/monoscript/fileName/DownloadAndInstallOperation.cs: b043b8d5921892e87f4566e00162cff6 -> 4f4065aeafda2af0ec272a3c228e27b2
  custom:scripting/monoscript/fileName/DiffTreeViewMenu.cs: 3e62bfc69ca7486976988e151b88922e -> 8039fc4ecf68b3e966e1f4822789e7fa
  custom:scripting/monoscript/fileName/UnityStyles.cs: 1a176026ce9da8057f3ec90dfe0bac74 -> bbbba3cda37678cfc74d71ffebf36e7f
  custom:scripting/monoscript/fileName/HistoryTab.cs: 4d086984813cd90d6be245dd8e03a2ba -> d57f000c65fde42a2228c7a105a836e5
  custom:scripting/monoscript/fileName/HistorySelection.cs: 7c3afcf345a55e8b77ea41ca0f570218 -> 3d07a3d1241e204b5420d71f1137eba4
  custom:scripting/monoscript/fileName/CreateWorkspace.cs: 7b3086384e5ddcd73cd5064a3ce31cd2 -> 5256205b5cf0570b6f698c7abe518f5a
  custom:scripting/monoscript/fileName/ShowWindow.cs: c731454122754eec192bc3c53fac3d95 -> a6bb1d20733c178256b38974418d7450
  custom:scripting/monoscript/fileName/LocksListHeaderState.cs: b80c5f044f18764adef2e9dbea5f0fb1 -> c7fe4d3b5f954615048f8e79925d29e3
  custom:scripting/monoscript/fileName/CreateRepositoryDialog.cs: 1e1c5399cf3d0b071c7982c565a710ce -> 5cec3e66b09e0dbe1f805953c5c64af9
  custom:scripting/monoscript/fileName/RenameBranchDialog.cs: a3111a345c6451ee64cd16f1989c2313 -> e5c89c05c87517babb3730e87196a494
  custom:scripting/monoscript/fileName/EncryptionConfigurationDialog.cs: 6423045767c07e6360ff314ec741c601 -> 19e9c54aff6ffc68d60fe11f80578947
  custom:scripting/monoscript/fileName/CheckinProgress.cs: 298ac58365579798eb3b4defc181ccaf -> 75b93dbc5ef307111f0647f735640420
  custom:scripting/monoscript/fileName/AssetCopyPathOperation.cs: 571ede78b6298606a236918df9df62d5 -> 633a9d130b72ba594756844b628f0ae2
  custom:scripting/monoscript/fileName/PendingChangesSelection.cs: 766664749a54eea9ecce5dff917430ef -> 1721ad72d074757364587c71b49d9382
  custom:scripting/monoscript/fileName/LoadAsset.cs: 9042eb334fc462cf466672445be1d4c2 -> 5e4e082aa5b21c13b80eb237fe94d00b
  custom:scripting/monoscript/fileName/Images.cs: 0b0c14141950fed99e3ef33199b3b4c9 -> fbdd1e600315d249327f3effde045c9d
  custom:scripting/monoscript/fileName/DrawLocksListViewItem.cs: ce3a3d64ec2d84c3556ffd4141efc4f7 -> 6201c4d50383e970d554210505562d37
  custom:scripting/monoscript/fileName/DrawProgressForOperations.cs: ea9179848be98ee7719316b39339ef29 -> b544f18e6532ba53bbd1b691fa5cd571
  custom:scripting/monoscript/fileName/ViewSwitcher.cs: 4df4bf16a6790d08087362d43c346234 -> dd1f6d6bc6ad5beda69b13cdb560799f
  custom:scripting/monoscript/fileName/RepositoryListViewItem.cs: 2f16ba7694ec7934685021093e722c4e -> 3cabcd81911a2500dcd9e2b6ffae3f00
  custom:scripting/monoscript/fileName/InspectorAssetSelection.cs: 71ba78e42827a9b22a9a6016733d756f -> 4b3c1ae4c44d88205aef26229acfe022
  custom:scripting/monoscript/fileName/UVCPackageVersion.cs: c4d95cb84d9d8dff4727eba6b0a64378 -> 
  custom:scripting/monoscript/fileName/IncomingChangesTreeHeaderState.cs: f578f4545f0afb1f0a2de9a25e26e33b -> 9fcb97ef2da44c66332f5c6800c2e6ed
  custom:scripting/monoscript/fileName/WorkspaceOperationsMonitor.cs: 5f05751fd4d94e02e79a5bf200f98f9a -> 43dcc435c252a54bdaaf4d6588b7d66e
  custom:CustomObjectIndexerAttribute: 9a22284fe3817be447336de3de66b15e -> 
  custom:scripting/monoscript/fileName/MacOSConfigWorkaround.cs: 8634a542fc5c45ea8cd9a8244bf2c871 -> 9fe61e763da506601651f6c451cecb0a
  custom:scripting/monoscript/fileName/IncomingChangesSelection.cs: a96a5a084d59fe3917a3831b68fa9479 -> d86f9f4463e6f9d99bb815e1f018ccf1
  custom:scripting/monoscript/fileName/AddMoveMenu.cs: 07e842d83dd343358454fef0a7927a0d -> e681c3341f01390e9c1d636ae93280df
  custom:scripting/monoscript/fileName/PlasticProjectSettingsProvider.cs: 49dc3835a349b3282b9803f48edc8e50 -> 8c4ae1aeb34c51d2a5a8924265075ff2
  custom:scripting/monoscript/fileName/AssetMenuItems.cs: 9ce81cedb8e568c6b7b646aa6263645b -> 
  custom:scripting/monoscript/fileName/ToolConstants.cs: a088b027c7b0922429c756f12b0507ea -> 3b0d2490617bc7f94a0bdab65a399e1d
  custom:scripting/monoscript/fileName/MergeTab.cs: f39dce5bbfdc053d284a55fc102a8be9 -> f0a9f00e065364eb63b070091ade67f8
  custom:scripting/monoscript/fileName/GetSelectedPaths.cs: 02423a81496d6c63598b5cdc203f4354 -> be35dd49dddd53fc840b9febf21b4d0d
  custom:scripting/monoscript/fileName/TokenExchangeResponse.cs: 0dd9138dbeab6f132711a5b608de5c13 -> f20183d4cf939766d3c1e15cc3bec2e3
  custom:scripting/monoscript/fileName/ChangesetsTab_Operations.cs: eca44847b108faefa69f8c525242c965 -> 3290c4c0cd248666e01a08ee6d621249
  custom:scripting/monoscript/fileName/OverlayRect.cs: 59d6887e4803f8a44ffaa0409470e410 -> 
  custom:scripting/monoscript/fileName/ConfigurePartialWorkspace.cs: 309d4276b0164b05348aedbd51cc0b2f -> 10fcc6b6d43dd5ed36c43c6f7b5906c4
  custom:scripting/monoscript/fileName/ValidRepositoryName.cs: 43c262be3f66a970816e3d3a3ee8872a -> 56bcf92a3678f6ad6215cae2e4914cfd
  custom:container-demuxer-webm: 4f35f7cbe854078d1ac9338744f61a02 -> 
  custom:scripting/monoscript/fileName/GetPlasticShortcut.cs: 2a84c035152261f00e7e66eb44cd0ffa -> 5c2b7bf07ddd2284efc64b09ef0f1f72
  custom:scripting/monoscript/fileName/GuiEnabled.cs: 1b1658fd7715b5cc664c10a130c6b629 -> 7bb13fcc8d8cbd392e00f7232841f086
  custom:scripting/monoscript/fileName/BuildPathDictionary.cs: 943911b84162d26cea47f964f9a0a399 -> 9fabc7cc73fcfc50b8a3307c6aa6ec4d
  custom:scripting/monoscript/fileName/FindEditorWindow.cs: 2bb64182aef631315344623cf583c78a -> 8c3c78bb7e82ac5008f8a2b8a0d68cff
  custom:scripting/monoscript/fileName/DrawProgressForViews.cs: c153245b67af73b7ee03f693a1127796 -> 068a172cb549ad77d9873d721698bd0d
  custom:scripting/monoscript/fileName/UpdateReportDialog.cs: 706e7e86547c339cdb3a4462e3f7a54d -> 087837d8f73228f1a817d0de82c77260
  custom:scripting/monoscript/fileName/UnityMergeTree.cs: f81f2d7551ab855fe9dc724f3f2e2892 -> 59edaa0a4669bbcb540a261166adc144
  custom:scripting/monoscript/fileName/CycleMoveMenu.cs: 91c21a0be9b3727d7673f94321029c52 -> b3993a7306fc941f55ca963833965729
  custom:scripting/monoscript/fileName/HistoryListView.cs: 527da2d093462f1c4a278d6957e7d5ac -> 7b2d1d2c12ab43d9d244e35197127919
  custom:scripting/monoscript/fileName/ChangeTreeViewItem.cs: 506ed128854137d9f75f9e3d2576a06b -> b0a38ce0a620643c776a3db4fd91bc4c
  custom:scripting/monoscript/fileName/BringWindowToFront.cs: 88b20f2a2881db6a013f54923d68cdee -> a30c7c1ba746c6d277a5aedd3057d15e
  custom:scripting/monoscript/fileName/LaunchCheckinConflictsDialog.cs: 4417eba1591eccb2221bfdce0106c1e0 -> e2c1e3f8f4e14a62e4363fe6259adbc2
  custom:scripting/monoscript/fileName/ParseArguments.cs: 03c1a4d7e357164ca313a0019713c3db -> ae915d9f5fe287ced40627c9ca8bfafd
  custom:scripting/monoscript/fileName/ExternalLink.cs: 685ff1dd6f55eb61a1fd8af84a2aa7f5 -> a8ff952d8c27d10f226ab92b7aa83b69
  custom:scripting/monoscript/fileName/WaitingSignInPanel.cs: 247680fcfc6a176b9fa28a3df600a754 -> 7585e1c7111b6b900784e6d1c9454258
  custom:scripting/monoscript/fileName/OperationProgressData.cs: 0db72349eeecbe9449a517b1d79cc760 -> 15f68712baaea535af36d9e0333c0a6e
  custom:scripting/monoscript/fileName/RepositoriesListHeaderState.cs: c0353a1af15ae4fd3d5a2a3cac816423 -> fb71b961ab7c924511a6b0e8680b60ee
  custom:scripting/monoscript/fileName/ClientDiffTreeViewItem.cs: 56be9d3aa410e770e75de2d8b93be89d -> 43bdd7aa5bf1aa039a5b572c119c38d0
  custom:scripting/monoscript/fileName/CreateWorkspaceView.cs: c40bc4c8524ef3e2374ef997beb2e4a6 -> 9ae2295080d141c0f12d02a71014e11c
  custom:scripting/monoscript/fileName/CommandLineArguments.cs: 0d20ca25f94249586a7c1484c469d8a2 -> 48a62ad3f817c0269ea7fc4a53799594
  custom:scripting/monoscript/fileName/DownloadRepository.cs: 46fc68d9cc4da8e8ed765ff28b2dd438 -> 5bad8d3f76a3fcb41a94637e37c11ab0
  custom:scripting/monoscript/fileName/ParentWindow.cs: 2476d8a6ba9c3055f984ac9792cae61a -> d6aa079e592e01701c5baa3ab98898bc
  custom:scripting/monoscript/fileName/OperationParams.cs: 091a140b35535b91c773ddf98925322d -> 3312c7a4424a66ffbf2f88f056f329aa
  custom:scripting/monoscript/fileName/SignInWithEmailPanel.cs: a5823728eb62cf6dbd8c933c1cb26f53 -> 6e8957c0ed7609303e68389067e72d72
  custom:scripting/monoscript/fileName/LaunchInstaller.cs: f9b7c99441bc32980ce9b95be066824b -> b75efdf5909b501e06cacd9c66f75981
  custom:scripting/monoscript/fileName/GetWindowIfOpened.cs: 84a2356c61155912908cf98a62600c22 -> fd8bfd1a9b371371ebbff48e377726f9
  custom:scripting/monoscript/fileName/AvatarImages.cs: ea6dca998cf0ec5122553a9e010ef687 -> 3aa8c25a350843151ec4070c820c411a
  custom:scripting/monoscript/fileName/DrawUserIcon.cs: 2f65feb9bed897237f97fbf9c5479092 -> 7d5385bf780ae84e648a8b49f8fe0825
  custom:scripting/monoscript/fileName/AssetStatus.cs: b9ea657347f2c22e8e401cdb256c516c -> e017010009bdb28bcb0d7d8ef05e7dd9
  custom:scripting/monoscript/fileName/BranchesListView.cs: 334a3fb302f855f71fb71520fb442a71 -> 3f5ed9fe5a1bca512014ae1600ee1666
  custom:scripting/monoscript/fileName/DrawGuiModeSwitcher.cs: 363adc150c5f1c5059a678f179906090 -> d3be34a3134d3fe80ef6b14d0d519128
  custom:scripting/monoscript/fileName/UnityMenuItem.cs: 5f445176ad3735e69769d93250663be7 -> 73f3c859f1b5092ad362c09e23b3a922
  custom:scripting/monoscript/fileName/WebRestApiClient.cs: 8ab6ae74a3793a3375cc48f328048a82 -> 746756fd499dddd02a4e7ccdbac48be3
  custom:scripting/monoscript/fileName/PendingChangesOptionsFoldout.cs: 1ad411e4720a65e6d5ed1fc883c5ffc8 -> f9e651bcc5d4441496c88ab59a32f360
  custom:scripting/monoscript/fileName/IncomingChangesTreeView.cs: d8c19bc81b07c04d7721396d2821d297 -> 96479648d4498738733254eb4e4c6fb5
  custom:scripting/monoscript/fileName/GenericProgress.cs: 11287c7d038c487f32d0c8edc476a32d -> 8492ec26f01fc248d3eb3c2f5b3b6c0f
  custom:scripting/monoscript/fileName/MergeCategoryTreeViewItem.cs: c1ecd9dc0cd73eb7eb129994dedc1a91 -> 6bd59fcbfeafe06987a54631991d755b
  custom:scripting/monoscript/fileName/CheckinDialog.cs: 1709b78fae1329cc05fd4f39334b25f5 -> 702fdb8d0a3b4bfcb9ba109e71325cad
  custom:scripting/monoscript/fileName/ProcessCommand.cs: 2cc3b6e2a763c7f353b474b6904b45a6 -> 
  custom:scripting/monoscript/fileName/SortOrderComparer.cs: 8f6297df34271fdb1ce2d9607ec6261d -> 90647cc400823b41df847a6cbfc29026
  custom:scripting/monoscript/fileName/GUIActionRunner.cs: 69af7de0762ed6d085feb4cc4b5101b3 -> 4a0608de635b0d82868d57923d68eff7
  custom:scripting/monoscript/fileName/PlasticMenuItem.cs: 30c3a785b4c2607e2ae9aad693d5f604 -> 
  custom:scripting/monoscript/fileName/PendingChangesTreeView.cs: f3722f38014385705913f17dbe0f90c1 -> 17142d220a0a50a3f3d184c4718a0da7
  custom:scripting/monoscript/fileName/VCSPlugin.cs: 69c1b7249af35f35848ae707bd5e7113 -> 
  custom:scripting/monoscript/fileName/GetClientDiffInfos.cs: 4ae14b15e2cf5177a84735548a44cdc9 -> f8db8e637ded2d5e935a953a13b85ebe
  custom:scripting/monoscript/fileName/DrawActionButtonWithMenu.cs: d7f31944358aed2f3ed3982246fca039 -> 8d4f5edd02a1dd0f38c4f2baf5ee8a33
  custom:scripting/monoscript/fileName/ErrorListViewItem.cs: a9f229dd6829be37e3d3d11493cd30e3 -> 509edc26860f8be303ec97d68aabc30d
  custom:container-muxer-webm: aa71ff27fc2769a1b78a27578f13a17b -> 
  custom:scripting/monoscript/fileName/EditorProgressControls.cs: b1f133fa38afd918d537a72574fc93a0 -> 2e606eb01a6e6a567f3de9a0379ed3ae
  custom:scripting/monoscript/fileName/BranchesListHeaderState.cs: d47f1164fa7093137db851c4c16ffba3 -> 82eab21603f4efc696334ee80641c2c9
  custom:scripting/monoscript/fileName/DrawSearchField.cs: b11b864a92c7d76f85d4ec87d6faf61c -> 3de70beba9f4447205d50241d95b066a
  custom:scripting/monoscript/fileName/PendingChangesTab.cs: c99065f3c85ec85c85ece2a1a30665af -> 15ae6787065f4af65778e981f418a60b
  custom:scripting/monoscript/fileName/MergeTreeHeaderState.cs: d266e9dd03ced7ec66ad3688e5f18f26 -> 6293ca7f65e9641fcbe12100e705a990
  custom:scripting/monoscript/fileName/BuildGetEventExtraInfoFunction.cs: 1308a6936e8051866a117b3b7c2c7b77 -> 74bfc8c01f931108a3c2b127aa04cc8d
  custom:video-decoder-webm-vp8: 9c59270c3fd7afecdb556c50c9e8de78 -> 
  custom:scripting/monoscript/fileName/WelcomeView.cs: 07e35bfe1faa2c52c049eb30958acd54 -> f06c185659ea2f4a75f9397861dc6096
  custom:scripting/monoscript/fileName/DeleteMoveMenu.cs: 39c593e854a9a8ae0e6d34ceb587fce1 -> 4d026cbabd8105e38661f97da078042a
  custom:scripting/monoscript/fileName/PlasticApp.cs: c440a0fb380601a77ad475d6c15d4fa1 -> c57de230d90beac7b586f10b9c7c6cb5
  custom:scripting/monoscript/fileName/ChangesetsTab.cs: ef408d8aaf89e01b17643ed0c836680d -> 46dde8f7856048792ad2e75490bb8c5e
  custom:scripting/monoscript/fileName/DeleteBranchDialog.cs: efbbc070bfeda2b746e8b15a4380cb26 -> 8549b0fc52962c89115fd78724fee578
  custom:scripting/monoscript/fileName/IncomingChangesNotification.cs: 5d73d1f1a99af71ddd954044bdf322d2 -> caa8ea2c7336b9227381f0971759e01a
  custom:scripting/monoscript/fileName/DrawTreeViewEmptyState.cs: d4c16fd6aad8161eda7d99fd74cbb08e -> 
  custom:scripting/monoscript/fileName/ErrorsListView.cs: 7cfd18bb17e557401eb4aa1ca93dbfd5 -> cd35171982f17897dd5148dda46e0956
  custom:scripting/monoscript/fileName/UnityPendingChangesTree.cs: fd6f0a038401268983bd9328d10dec93 -> f391d9a00dc9e202cee4d4ebcf6d21c0
  custom:scripting/monoscript/fileName/ClientConfiguration.cs: 5f5e47bfb7cedc7420d7e59c6d7ae6f0 -> 01b18b09a6dbb3756e1f42a5b64aab0f
  custom:scripting/monoscript/fileName/AssetVcsOperations.cs: 50ee89e011ba3d800b4e7a9a24aca7e1 -> 
  custom:scripting/monoscript/fileName/EmptyCheckinMessageDialog.cs: e95636a2119dec4d0c1f323f7ba65603 -> 
  custom:scripting/monoscript/fileName/PlasticDialog.cs: b0aae1bf1889af041741f324070b7b84 -> 63a17a2b696bc2a13c9046aa16f8cea4
  custom:SearchIndexIgnoredProperties: e643bd26f0fe6173181afceb89e7c659 -> 
  custom:scripting/monoscript/fileName/AutoRefresh.cs: 9d30d5d3f0e8985355be1ab597da1dbb -> 0a8afde180a876655ad16caa14493409
  custom:scripting/monoscript/fileName/PlasticPluginIsEnabledPreference.cs: 7953272c37f4a828a3d1096e7479f346 -> 
  custom:scripting/monoscript/fileName/GetRelativePath.cs: 9b16eb2de9e98b392077181cc34243c1 -> ab04ae5e0cafb93ebf5c96148bb52df0
  custom:scripting/monoscript/fileName/UnityEvents.cs: 253411328de37811883aded592b97268 -> c830e584565fcd66ca0d5a23ad8b9bd6
  custom:AudioImporter_EditorPlatform: d09bf68614088b80899f8185d706f6e7 -> 
  custom:scripting/monoscript/fileName/DeleteChangeMenu.cs: 540c783b689e4d6a4a383862455d5d39 -> bfa368dc06e11abcc107d6f80c7c19c5
  custom:scripting/monoscript/fileName/DockEditorWindow.cs: 581124d5e19667105f2446d6dfbf7982 -> a9e5e467234133af999283610b6e84e6
  custom:scripting/monoscript/fileName/ProjectPackages.cs: e247c98bd45807b228765f9a94d82145 -> 9e9e13e39b2e9718b602503b87245c18
  custom:scripting/monoscript/fileName/BranchesSelection.cs: 7eb1fcb556f0fad697e4ec9d989be099 -> 33b36e7b03910960966036894ec90c7c
  custom:scripting/monoscript/fileName/SaveAction.cs: b68fbb4319dbb368959c40781b39fdf8 -> 27c387bb58f3a69b0c9ff60d2209e18f
  custom:scripting/monoscript/fileName/AutoConfig.cs: 6c4e7f9dc55323aa1299debfe9723aa6 -> bf4bbd2f2e752464ef51dbf102faed17
  custom:scripting/monoscript/fileName/DiffPanel.cs: 02288a38bd14cc2b52a25b302a6f154e -> 210366dab3631628227b9406f87a9b7f
  custom:scripting/monoscript/fileName/PlasticAssetsProcessor.cs: ff731c8aacf4a537dc74c7cf9eaeaed0 -> 
  custom:scripting/monoscript/fileName/DrawActionToolbar.cs: 52293cb82089e0370f52e257f41c0869 -> e05748a99799f26304c1bbafd90f703b
  custom:scripting/monoscript/fileName/TreeViewItemIds.cs: 7d654a2b5b3a10da3e7d8472196e96d1 -> 0cdf409b5aa8d4c25876d72b5c6a3b60
  custom:scripting/monoscript/fileName/EditorVersion.cs: 70953c9eccf7726f70c672a9a51619e9 -> 698aba075b19a52a056d67a7b809d179
  custom:scripting/monoscript/fileName/TeamEditionConfigurationWindow.cs: d06f049421c16e5927ec29f770917e09 -> e53b1ca5561894aaeff930afb696d001
  custom:scripting/monoscript/fileName/ProgressOperationHandler.cs: 5fbb4e0f656dcfaa4498bd2e492e4710 -> ec62666c0ca1649dd33cc6bc6834c6f7
  custom:scripting/monoscript/fileName/UnityPlasticTimer.cs: 961fdb6492c99b4a3eadbed28e78c4b0 -> 6c887e722e951c2964523825cad70c4c
  custom:scripting/monoscript/fileName/TreeHeaderColumns.cs: 9fc4a0396a421346b8aa3b7788860851 -> 316e5ea62e66b20fd6e687a6b9e5958e
  custom:scripting/monoscript/fileName/MergeOptionsDialog.cs: 25ac62df73845405e13f44e4dfdcf0d1 -> 9250ce23d260ab84f87bd5899c6cf983
  custom:scripting/monoscript/fileName/AssetFilesFilterPatternsMenuBuilder.cs: 8fe5de6e5dc3d42fb7e95de2aaedbf5a -> 0d99e7514c6a33cda8314deed8f34bc5
  custom:scripting/monoscript/fileName/MergeTreeView.cs: 143a828a1a236483d3cdc1d010ce9d51 -> 3feb38cec50d3fc7576ddbf07a9a9ce8
  custom:scripting/monoscript/fileName/PlasticNotification.cs: 3629fdff9f054b2013702f5b131b2c47 -> 
  custom:scripting/monoscript/fileName/ConfirmContinueWithPendingChangesDialog.cs: c0e147ff008a0b77c9337132a3ea70af -> 77462b1904ad8f6fee2f8da4523d59fe
  custom:scripting/monoscript/fileName/ChangelistTreeViewItem.cs: a4a6f6169cdb3afe249e104e2b7b1a2c -> 87f69636be8bd1a264ec4eac1bffa701
  custom:scripting/monoscript/fileName/CollabPlugin.cs: bda741ff77a19affbf276298e29313ec -> ca276d65e7cd77c5c99d9f119ffdb215
  custom:scripting/monoscript/fileName/TabButton.cs: 757146b89ed597b1d75c77241e5d5f63 -> 
  custom:scripting/monoscript/fileName/LaunchTool.cs: 3ac53c8af1f56365aad9e1ae5366d98d -> 60773d78646dc188d4b2caca77f20b17
  custom:scripting/monoscript/fileName/RunModal.cs: 33b931100ee477e6812324eabaa2e837 -> c83ee2ef642c5d8b8dfd32f033bfc438
  custom:scripting/monoscript/fileName/BranchListViewItem.cs: 8fdaa5aa842f5a70237affa304b9d506 -> 55028f4aef24d6227589aaa95582b2ff
  custom:scripting/monoscript/fileName/GetAvatar.cs: 07c98163f75f0b7c672bd453fc82bf61 -> 04ffae2a9e5a4c32a119f93144f558d2
  custom:scripting/monoscript/fileName/MoveAddMenu.cs: 81d47caeb9f49803adfe1627c8ce5bf4 -> 1fbfab870b2e95fdd8a81f6019f764df
  custom:scripting/monoscript/fileName/FindTool.cs: fc3b0710b24078288fe829d0bb041dd0 -> 2f9d82566cfb01fb68fc30111fb47624
  custom:scripting/monoscript/fileName/ChannelCertificateUiImpl.cs: 75d7831ab5da75cc0082e28863abb142 -> cefccf1e13b7bcf15e3c9f2dd4cd2fc8
  custom:scripting/monoscript/fileName/ApplyCircleMask.cs: 02eb67e485278e7c9b719fee5ff90f4a -> b955b378d261fdcbd6272fe8711d1e4f
  custom:scripting/monoscript/fileName/AssetMenuOperations.cs: 131bfc7279b97eba576abe13a47f8f91 -> ebcce67603e288b4a84d49287db6ef5a
  custom:scripting/monoscript/fileName/VisualElementExtensions.cs: cd98f4a51563fccdfc39eed097290325 -> 0aad2728225c469038631668406aebb3
  custom:scripting/monoscript/fileName/LocksSelector.cs: 70b046a562568fd78d093736e68a3a58 -> 7b0f4fc5552c1d92ba7f4648526ceb21
  custom:scripting/monoscript/fileName/ListViewItemIds.cs: 8f6297df34271fdb1ce2d9607ec6261d -> 90647cc400823b41df847a6cbfc29026
  custom:scripting/monoscript/fileName/CreateWorkspaceViewState.cs: 1deb37b3c17c224d9a7dca9c990ea191 -> 0fe23b7cca9336b31a27790c714de652
  custom:scripting/monoscript/fileName/MergeLinkListViewItem.cs: ebc1e6f9e3a3005d8f4c51a794adfdaa -> 3fa407d29597803190dd374d88ed170d
  custom:scripting/monoscript/fileName/DrawCommentTextArea.cs: ad5449f632fd412ac0f7ba0d171fd453 -> c58c26552f95f108a8d9610eaf001fbc
  custom:scripting/monoscript/fileName/ErrorsListHeaderState.cs: f366e16fac061f262479ccab9ff07a93 -> b961336a4a43551eb826f97c57673007
  custom:scripting/monoscript/fileName/MergeViewDirectoryConflictMenu.cs: d45972e8b5f74223c607a4daa895ff3d -> fad8e1937fc14fd75ca21a68ee1037b8
  custom:scripting/monoscript/fileName/RefreshAsset.cs: 4479d2949a66a97f66d1e550067f3767 -> 5a15c606785f1f54a697bb0d0d846dfb
  custom:scripting/monoscript/fileName/BoolSetting.cs: d67f952c3a5976591f3e9a9e7356bbab -> 12bf039ccd38b0f4ccfffbec3cbbf108
  custom:scripting/monoscript/fileName/CreateChangelistDialog.cs: 774371d4233cc1d394d98dc80507a1f8 -> 386b03e27c951c5f1d63daf7aae486ca
  custom:scripting/monoscript/fileName/HistoryListViewMenu.cs: 15a489e494f04a7ea37a587c7601070e -> 29770348599c8d5473b78d72e5741b40
  custom:scripting/monoscript/fileName/MergeViewFileConflictMenu.cs: d7362b83d6b320a0f0ceaf99dbe21727 -> 8fc0f292158abfa71c2c7b3b6f38d32a
  custom:scripting/monoscript/fileName/FilterRulesConfirmationDialog.cs: 5186d89f21d03764f0cca01c2a0122d7 -> 9c91c6c91f20e6d013a753f32343b327
  custom:scripting/monoscript/fileName/ChangesetsSelection.cs: d154d1782ed752b83834c54a0bde3df9 -> 8b9d539af9f7e269bac4e3d79e9ffab8
  custom:scripting/monoscript/fileName/AssetPostprocessor.cs: 96208057b904410715a8df295ba4f8f4 -> 
  custom:scripting/monoscript/fileName/IsResolved.cs: 67a72533af97b9ab7830798057ab806c -> f54a3e2c5134aa4306f9ad150b1911a9
  custom:scripting/monoscript/fileName/LocalStatusCache.cs: a558fcf5f34357bab4cfc7b75e2bb356 -> 30974ea30517fbfd1b93153f6c849a76
  custom:scripting/monoscript/fileName/RepositoryExplorerDialog.cs: 143e7416b576681e1f2ea71288e530e6 -> eea34924da79ad7254f3e141a891c78d
  custom:scripting/monoscript/fileName/WorkspaceWindow.cs: ff52e13cd29dacd66db0169e14f71a23 -> b042f06133312d3bfed176231d97d77c
  custom:scripting/monoscript/fileName/BranchesTab_Operations.cs: 764cb17e9337c58ad4f5304b60b2042e -> 57c33f76c527a5aba4d269245ffff188
  custom:scripting/monoscript/fileName/PlasticShutdown.cs: a8df8eeeed98372d06e446171a192a6d -> 
  custom:scripting/monoscript/fileName/FilesFilterPatternsMenuBuilder.cs: 28072cd275c96994687e6d4d0d6e1dff -> cf716a8d336c8113475a9ca67a799ec1
  custom:scripting/monoscript/fileName/HistoryListViewItem.cs: 2d3b1fc954b6bdbae298ec250ade0663 -> 96f2b67ec620b83e35d13f11877e1ac1
  custom:scripting/monoscript/fileName/RemoteStatusCache.cs: 00463e6b90cfe7da080d7c266f783980 -> 402d5663f3675e9324c129274b0c00f2
  custom:scripting/monoscript/fileName/EnumExtensions.cs: 24df84756ec75feecd53a80a0991ea16 -> 872fcb89b813d64606e680211dede528
  custom:scripting/monoscript/fileName/EditorWindowFocus.cs: 1012e4e2e29e9b29bdcc03d8b92762a8 -> f258b0cf85078a7435d001e522d5e8e3
  custom:scripting/monoscript/fileName/NewIncomingChanges.cs: fc48261878ef7e4b956e7172f5803aee -> 
  custom:video-encoder-webm-vp8: eb34c28f22e8b96e1ab97ce403110664 -> 
  custom:scripting/monoscript/fileName/UnityIncomingChangesTree.cs: f774bb8bf0bd45a254894c795843c695 -> 42967773c43d3de5d23be4ddc6dfd9c4
  custom:scripting/monoscript/fileName/UnityDiffTree.cs: 447fc3a8922f56330f4bae8c9dc9a8be -> 1029ffd567bc0e646e6b119719dcb2ff
  custom:scripting/monoscript/fileName/TreeHeaderSettings.cs: 114eb9e27124403e8e111494b8eaf987 -> 662b1714c0fce36da72bbfe60201987a
  custom:scripting/monoscript/fileName/UnityConstants.cs: 0eb92bed4b0c568cb341161b4319c2db -> e3d3c3e11a194da9e5bbbfb97087a7bd
  custom:scripting/monoscript/fileName/IsExeAvailable.cs: 3e4283303610c884e542b8f6d3e922d4 -> 4a3dbc5ded94087064afd97407f26631
  custom:scripting/monoscript/fileName/LoadedTwiceMenu.cs: 961f9b82936caa7937046ac23d323c2c -> b54aa2e14eb740621bb6f926af7cb8ef
  custom:scripting/monoscript/fileName/AutoLogin.cs: e67ed70aada38469aeb667115929c368 -> b4cb98371fc38cca00d7123b7e649e12
  custom:scripting/monoscript/fileName/DrawMergeOverview.cs: 1db93bf179b38015949e3a3cb6ef1bd3 -> 49e0e525c3c170f79c20dc6779b7ead8
  custom:audio-decoder-ogg-vorbis: bf7c407c2cedff20999df2af8eb42d56 -> 
  custom:scripting/monoscript/fileName/UpdateReportLineListViewItem.cs: a101f0ba5292fc139445870b3f4af838 -> 9f63395e1ea590dbbab4d59cd0032ac4
  custom:scripting/monoscript/fileName/DrawSplitter.cs: ec7e8739eacabcca3e2946d9833eea0f -> d2f114a8e8e4167f7762d835a83b2f55
  custom:scripting/monoscript/fileName/LaunchDependenciesDialog.cs: e1c527862a66e73f0417ae177d7fdfb5 -> 2cabf22eb95430074b6c730a84e03493
  custom:scripting/monoscript/fileName/CredentialsResponse.cs: 96b135ae1c4ea541dc762170ea524fa9 -> 3dd2507693e56dac75ee7783f598cbb9
  custom:scripting/monoscript/fileName/LaunchDiffOperations.cs: aeae601320588a70eea7590a2f7e0f69 -> 871a0804a9fe2d9f2ad088303a89a63e
  custom:scripting/monoscript/fileName/PlasticSplitterGUILayout.cs: 111849f67dfbfea65ad2a9298ad1654d -> 
  custom:scripting/monoscript/fileName/CheckinDialogOperations.cs: 0b2a2cd4c41cf1865a29cf91b2a96a48 -> d032d69e8060311c06b88286e8f22ddd
  custom:scripting/monoscript/fileName/PendingChangesViewMenu.cs: 68fab310addfd7068cfd7920070496ff -> 9b0019b6df6bb14eb3a2dbafa53fb54b
  custom:scripting/monoscript/fileName/AssetsSelection.cs: 35cec24e81f0cb1de51daeb356abc4ff -> 0227d7ff4d5687932d10967a945a9b06
  custom:scripting/monoscript/fileName/EnumPopupSetting.cs: 8f6297df34271fdb1ce2d9607ec6261d -> 90647cc400823b41df847a6cbfc29026
  custom:scripting/monoscript/fileName/PlasticConnectionMonitor.cs: 920e8e381bfc94da8bb69d336dda57ca -> 
  custom:scripting/monoscript/fileName/DiffAndMergePreferencesFoldout.cs: ca66ad883a35933771fab24b1f247ea9 -> 
  custom:scripting/monoscript/fileName/HistoryListHeaderState.cs: 6226ef13a567fa81584864f8698be331 -> a87e0364d14866c369ad50d669bdfa85
  custom:scripting/monoscript/fileName/CloudEditionWelcomeWindow.cs: c886fdb39f4b8787e6ea3701a8f88f4a -> b1721e471183956468462f6b64901640
  custom:scripting/monoscript/fileName/AssetsPath.cs: 367269acf8f676d2cdd30fdc387b3920 -> e0e986124adc46d913f0683c34b88c9f
  custom:scripting/monoscript/fileName/MetaPath.cs: 1f80313a7ce6ec6ece505285578f5745 -> 417a84eb354831f828a6752b26c8592d
  custom:scripting/monoscript/fileName/CredentialsUIImpl.cs: 90e9c2de8d7bdd8424e0d89c415108ae -> dbacf67c37819fd95562fe169e706732
  custom:scripting/monoscript/fileName/ChangesetsViewMenu.cs: b720f0168f4ce1b1e0d358a6d5ec9a42 -> 7d1a2de81910b5990e71a0bfff26fdca
  custom:scripting/monoscript/fileName/UnityPlasticGuiMessage.cs: 2a7f71f59c0d7dc731fd345a3713957c -> 24eef0792e3802809607a7f9d04b8f1d
  custom:scripting/monoscript/fileName/OrganizationCredentials.cs: ee462057b3bd23cc3dab953ac4d656e2 -> 0b123406cadd651e9adc01c85fab5124
  custom:scripting/monoscript/fileName/StatusBar.cs: 392933116703b8e69a96dc0b873bf6f1 -> 
  custom:scripting/monoscript/fileName/IsCurrent.cs: 7343ceec4312304bb8b398eeb6c375fa -> cf1fd01890d0fd9f011c1a1a491e2cf0
  custom:scripting/monoscript/fileName/ChangesetFromCollabCommitResponse.cs: b986ab8b1acd322b0367812e2d541734 -> ba336e4117e1b7ee28e4c17197bc3d0e
  custom:scripting/monoscript/fileName/MoveToChangelistMenuBuilder.cs: 3a2ef8cb0baf69e5dadeafc731fe32a9 -> a90b3e388d3e1316fa104d4c9a03e2d1
  custom:scripting/monoscript/fileName/LoadingSpinner.cs: b3299af90b664a9f42123e7df43fae24 -> 6aff0ac022d117a8e24a7b5e4b11904c
  custom:scripting/monoscript/fileName/LocksTab.cs: 134c512484ae73354c15c06a6dc69f9f -> 00ffb5a39c16fdc2d733c7e53471a3a9
  custom:scripting/monoscript/fileName/BranchesTab.cs: 764cb17e9337c58ad4f5304b60b2042e -> 57c33f76c527a5aba4d269245ffff188
  custom:scripting/monoscript/fileName/ToolConfig.cs: 18b1ea271ce5e7b6deea7b4e8e175269 -> fcffc3165b047f54ed6ccafa4c8760dd
  custom:scripting/monoscript/fileName/DropDownTextField.cs: e66e7314096900597993d2b353757d8d -> c8fc484ce140049ff31ebc2c6cbebf28
  custom:scripting/monoscript/fileName/AssetsProcessor.cs: 47679a6e15b70f4fef48eb1b2df31b19 -> 18737889e95cd4088e8dfd4153fa8f40
  custom:scripting/monoscript/fileName/DrawActionButton.cs: d847a7d82ac92cab2b3d0ae268cefb3d -> 81e6708d2b8fa199354e53f85db731a8
  custom:scripting/monoscript/fileName/TableViewOperations.cs: ddc7b903e0dbd6bd109f2bd709b95f0e -> bef3a31deb1fe794a90f767d16e4c868
  custom:scripting/monoscript/fileName/UpdateProgress.cs: 5b04f01bf199310f09ab9522f89c78f4 -> 281e1e05168d6a30be1d8d2f6200bef8
  custom:scripting/monoscript/fileName/OrganizationsInformation.cs: b3f0758c6655b2dad1161792812992fa -> 5f067ea8d90fc79055a3dcfd58ae6dca
  custom:scripting/monoscript/fileName/ChangeDeleteMenu.cs: 652dcd6f863c509bfa0376b6d95ab1ec -> 4fefe66d6e279ce0ac2fdc57d409f232
  custom:scripting/monoscript/fileName/SubscriptionDetailsResponse.cs: e10e0299ef716630c63b8cf5f792cda0 -> e5121cec860a6d1097cc809217b3d8fe
  custom:scripting/monoscript/fileName/DrawProgressForDialogs.cs: 5f8d39e3ea7c4a42148c6b1a7b4ca061 -> a5f2abd8875e7a6afbc171fabfbae81f
  custom:scripting/monoscript/fileName/ToolbarButton.cs: 47dc767626bbd94d66707af31ddc5eb6 -> 
  custom:scripting/monoscript/fileName/ProjectViewAssetSelection.cs: 349dc288d32791de51156d4e59000b7b -> 2560eadaf6a13a74a46a4a207cd5a8b6
  custom:scripting/monoscript/fileName/DrawTreeViewItem.cs: cceebc4f1185658619e40964f29acb08 -> 0921a62a588ab864253743d1f07afb5a
  custom:scripting/monoscript/fileName/DrawSceneOperations.cs: 2426c0c2ee58cd28be59874f6425940c -> d87f46f9fb97181a2f51490ea2e1efc3
  custom:audio-encoder-webm-vorbis: bf7c407c2cedff20999df2af8eb42d56 -> 
  custom:scripting/monoscript/fileName/DrawActionHelpBox.cs: dcd6ec2e7fb1b44f22c4a79ff87b70cd -> c8f6be9dab1e6f8d71e0c63c29679186
  custom:scripting/monoscript/fileName/PendingChangesMultiColumnHeader.cs: 21802cc6929e0e180fb4f0be8e34d9d0 -> 722de7d6e07a79981d750438e6febb8f
  custom:scripting/monoscript/fileName/EditorDispatcher.cs: c739e073a8c38dbcf59192f45d1004c5 -> 3c402eae57d73cc54863f3f6a13096ae
  custom:scripting/monoscript/fileName/MovedEvilTwinMenu.cs: ce111941dc7264d29598ce7fd2770927 -> d480b839850d28c1c9526cb587fc752d
  custom:scripting/monoscript/fileName/IIncomingChangesTab.cs: d4ceabdc48d8a1872bbe87f04d89a4ff -> 40644cd18074db84684b9e437bf8fa77
  custom:scripting/monoscript/fileName/GetChangesOverlayIcon.cs: f00e4b795697c6cf3092760f3b6fc49d -> d599d6efdee28305661bc0cf6683858a
  custom:scripting/monoscript/fileName/EvilTwinMenu.cs: 475a88947051822ca4915306469f9bcc -> 919e4faae0573e49949f6dfbb5a733da
  custom:scripting/monoscript/fileName/ChangesetsListView.cs: caae0aefb36c869f50691482a5cd0944 -> 87b74e0d80cf59010f55e2baaeb6679d
  custom:scripting/monoscript/fileName/UpdateReportListView.cs: 2d8fccdaad50bbd7454b52cf9cb4a0f9 -> 08d26df1ab6c3a7628addc5e54e50b08
  custom:scripting/monoscript/fileName/UnityConfigurationChecker.cs: 59a8f0715a7c89a752351bf42f94abbd -> 874cd65cce0384fef4b60e71fb08a429
  custom:scripting/precompiled-assembly-types:Assembly-CSharp: 1dc94b3fff1c5aa996f1a1217b4e0c74 -> fc915b8c64163b6761e5351aa2c02497
  custom:scripting/monoscript/fileName/CheckWorkspaceTreeNodeStatus.cs: 5e11ff64963669981115eb58dc2b6e8b -> 1e1255b803bf7cbc935bb804bf0dbe7b
  custom:scripting/monoscript/fileName/PlasticPlugin.cs: a57c142b98ca3d4daad221737fd72924 -> c64561980f26020cc3206ae8b1047268
  custom:scripting/monoscript/fileName/SwitchModeConfirmationDialog.cs: 4d9c02587760213784bfe53d012122b4 -> 30cd71d0b3ee4b2689cde689908d301e
  custom:scripting/monoscript/fileName/PlasticWindow.cs: fc467478941f610919bc69526ba2c215 -> 
  custom:scripting/monoscript/fileName/PlasticExeLauncher.cs: caa0b5dda5df50c85bb19d27252d16b9 -> f1da27253760250030952f02cb54965a
  custom:scripting/monoscript/fileName/BranchesViewMenu.cs: 8089f11c30784e2e57775dd6cdbae898 -> 7bfc83e917c9b0b5aa423bb947ce2a38
  custom:scripting/monoscript/fileName/CooldownWindowDelayer.cs: 7816cfcad485500dbac9993c4502ea69 -> 4c95e39c8dd4cfa1bca106097fdb6524
  custom:scripting/monoscript/fileName/GetInstallerTmpFileName.cs: fa7bda723ac795b48e38504727f44981 -> d09e0b5c7a9af5874530e17ef23025f0
  custom:scripting/monoscript/fileName/AssetModificationProcessor.cs: a602c9e59e7db185e3a0d68d986e6fef -> 
  custom:scripting/monoscript/fileName/IsCollabProjectMigratedResponse.cs: 4c3294c6a51e6f42161d191230692016 -> af2b76c693935deee55cfcaed2aa7568
========================================================================
Received Import Request.
  Time since last request: 9.970562 seconds.
  path: Assets/Scripts/NewBehaviourScript.cs
  artifactKey: Guid(e17cded3b8c23aa409a413edd1483dc2) Importer(815301076,1909f56bfc062723c751e8b465ee728b)
Start importing Assets/Scripts/NewBehaviourScript.cs using Guid(e17cded3b8c23aa409a413edd1483dc2) Importer(815301076,1909f56bfc062723c751e8b465ee728b) [PhysX] Initialized MultithreadedTaskDispatcher with 32 workers.
 -> (artifact id: '75c7e01267152299eba9845e41a20bfb') in 0.001553 seconds
Number of updated asset objects reloaded before import = 0
Number of asset objects unloaded after import = 0
========================================================================
Received Import Request.
  Time since last request: 80.333974 seconds.
  path: Assets/Scripts/Ga.cs
  artifactKey: Guid(e17cded3b8c23aa409a413edd1483dc2) Importer(815301076,1909f56bfc062723c751e8b465ee728b)
Start importing Assets/Scripts/Ga.cs using Guid(e17cded3b8c23aa409a413edd1483dc2) Importer(815301076,1909f56bfc062723c751e8b465ee728b) [PhysX] Initialized MultithreadedTaskDispatcher with 32 workers.
 -> (artifact id: '3b32cc1148fe5de4ea14f9db34ce5a84') in 0.000530 seconds
Number of updated asset objects reloaded before import = 0
Number of asset objects unloaded after import = 0
========================================================================
Received Prepare
Caller must complete domain reload
Begin MonoManager ReloadAssembly
- Loaded All Assemblies, in  0.462 seconds
Native extension for WindowsStandalone target not found
Mono: successfully reloaded assembly
- Finished resetting the current domain, in  0.705 seconds
Domain Reload Profiling: 1164ms
	BeginReloadAssembly (139ms)
		ExecutionOrderSort (0ms)
		DisableScriptedObjects (5ms)
		BackupInstance (0ms)
		ReleaseScriptingObjects (0ms)
		CreateAndSetChildDomain (31ms)
	RebuildCommonClasses (29ms)
	RebuildNativeTypeToScriptingClass (10ms)
	initialDomainReloadingComplete (31ms)
	LoadAllAssembliesAndSetupDomain (251ms)
		LoadAssemblies (301ms)
		RebuildTransferFunctionScriptingTraits (0ms)
		AnalyzeDomain (25ms)
			TypeCache.Refresh (11ms)
				TypeCache.ScanAssembly (1ms)
			ScanForSourceGeneratedMonoScriptInfo (6ms)
			ResolveRequiredComponents (5ms)
	FinalizeReload (705ms)
		ReleaseScriptCaches (0ms)
		RebuildScriptCaches (0ms)
		SetupLoadedEditorAssemblies (205ms)
			LogAssemblyErrors (0ms)
			InitializePlatformSupportModulesInManaged (3ms)
			SetLoadedEditorAssemblies (3ms)
			RefreshPlugins (0ms)
			BeforeProcessingInitializeOnLoad (33ms)
			ProcessInitializeOnLoadAttributes (153ms)
			ProcessInitializeOnLoadMethodAttributes (10ms)
			AfterProcessingInitializeOnLoad (3ms)
			EditorAssembliesLoaded (0ms)
		ExecutionOrderSort2 (0ms)
		AwakeInstancesAfterBackupRestoration (5ms)
Refreshing native plugins compatible for Editor in 1.78 ms, found 4 plugins.
Preloading 0 native plugins for Editor in 0.00 ms.
Unloading 3553 Unused Serialized files (Serialized files now loaded: 0)
Unloading 17 unused Assets / (30.0 KB). Loaded Objects now: 4047.
Memory consumption went from 129.0 MB to 129.0 MB.
Total: 1.762600 ms (FindLiveObjects: 0.152200 ms CreateObjectMapping: 0.037400 ms MarkObjects: 1.542300 ms  DeleteObjects: 0.029800 ms)

Prepare: number of updated asset objects reloaded= 0
AssetImportParameters requested are different than current active one (requested -> active):
  custom:scripting/monoscript/fileName/IncomingChangesTab.cs: 8a20aca125f6d4b837670edb6e36bc05 -> 82bff1d960538992d4e618d909869d2e
  custom:scripting/monoscript/fileName/DiffSelection.cs: 34faf7c86f7e0c9a01162e930679d82f -> 1460aaba4240ef35322cb9c198487990
  custom:scripting/monoscript/fileName/MoveDeleteMenu.cs: f1a7b8a8be76c035d934c51863f3b934 -> c4ad4528e772c33a6167006886a8d1da
  custom:scripting/monoscript/fileName/DateFilter.cs: de3aab0283a2b4a1d4d64145b14132d5 -> 3a6cb8c2e3ffbb5a9052e322ee5bf411
  custom:scripting/monoscript/fileName/PerformInitialCheckin.cs: be22d181e456c0a8a5713675f29ac72a -> 8ef9a9f407b8b94b2b5fad9d24e61f79
  custom:scripting/monoscript/fileName/ConflictResolutionState.cs: d9394655856a9fc1a0b280bc997bac16 -> 74a230000ff2fd58c5a60ab4258207dc
  custom:scripting/monoscript/fileName/FindWorkspace.cs: 39bbd18bfe6bf4a99f5c185dcda4dd4a -> 6af6c9e9382fef881c020ab184e6f7f5
  custom:scripting/monoscript/fileName/IncomingChangesNotifier.cs: 10fad815611441fb3a805150421ed991 -> 
  custom:container-demuxer-ogg: 62fdf1f143b41e24485cea50d1cbac27 -> 
  custom:scripting/monoscript/fileName/CheckinConflictsDialog.cs: d3af1d70d3f60a9847d2942647274222 -> e13fa04a97fb675842c94586fc602871
  custom:scripting/monoscript/fileName/AuthToken.cs: d22b2893825e943bc1389be142abd57e -> 0fba7e8eb1ec8b699f274cdc956451b2
  custom:scripting/monoscript/fileName/ProgressControlsForDialogs.cs: 6bf8e69ac7dc2163fe988e5d8181ce88 -> 7e6bd1727985204e3b64e1946e589b1c
  custom:scripting/monoscript/fileName/AssetStatusCache.cs: beede06d8a6d93e7907fd192ad653f2b -> 260d5f85663ac58b2a7e9553c453bc3e
  custom:scripting/monoscript/fileName/OrganizationPanel.cs: d7ac1288bef1b15a05bb26d201a4d87f -> 57a57e6a345dbd536e91c348b70943a9
  custom:scripting/monoscript/fileName/ChangeCategoryTreeViewItem.cs: efd70108e1f6ff61ed2723220486adfc -> fd14db176fff061715c8ec88ced1902f
  custom:scripting/monoscript/fileName/CurrentUserAdminCheckResponse.cs: cec2f173fe8732108711c497674c6f66 -> d57c2dcace740834acd59fdfbc5023b8
  custom:scripting/monoscript/fileName/UIElementsExtensions.cs: a191d7293be4538b0adb29dfe5b06a46 -> 52e0d612ab032e4d22e9558b90396b99
  custom:scripting/monoscript/fileName/CreateBranchDialog.cs: c429477092287209232592c8cde1a615 -> 9eb29fda08033b4f847247136c412db6
  custom:scripting/monoscript/fileName/Ga.cs: b21687ddb03d73bd9f0c1daecb9714de -> 
  custom:scripting/monoscript/fileName/DrawCreateWorkspaceView.cs: 6422239d8f649480614f0dd4f018b7f2 -> c6039ac84d85ab3926aa94de163a9f7d
  custom:scripting/monoscript/fileName/ProjectPath.cs: 5634ebdbea8ca94089eb9622d1b60497 -> 2007f972d3a73eeb86dfe05e849c7f69
  custom:scripting/monoscript/fileName/SSOCredentialsDialog.cs: 8967ceae1bc195ea8dd32b23c42dd852 -> e140ede12a96f68f30062138385171c3
  custom:scripting/monoscript/fileName/DownloadPlasticExeDialog.cs: 2dd40c53d0303d041a27a44a95c331cb -> 093cfe0607c2346a88cdfdfe1435614f
  custom:video-codec-MediaFoundation-h265: 746d11721c4dcdbdad8f713fa42b33f4 -> 
  custom:scripting/monoscript/fileName/PendingChangesTab_Operations.cs: c99065f3c85ec85c85ece2a1a30665af -> 15ae6787065f4af65778e981f418a60b
  custom:scripting/monoscript/fileName/LocksListViewItem.cs: cc9cd24c5be4f7363367cba72f12aad4 -> f4a19fabbec093eb3d6a7e1cd4f42611
  custom:scripting/monoscript/fileName/PendingChangesViewPendingChangeMenu.cs: 561ad0f702e1db14300a4a5f810051f9 -> 9a6ef2277212bf26d647c7f12f946287
  custom:scripting/monoscript/fileName/SignInPanel.cs: f7e82045994d4eefe3b021faa87b55c6 -> bac0318ce35e37bed3a2cc8137452435
  custom:scripting/monoscript/fileName/DrawInspectorOperations.cs: 61c4a6a6507d8f84ef5bdf5cba3f0aee -> 8c94fe642e98309082411f46db89106b
  custom:scripting/monoscript/fileName/DrawDirectoryResolutionPanel.cs: b77d9918f02a8eac64394aaf99fa4b28 -> e4e3c9b4bc511687802b504b71016540
  custom:scripting/monoscript/fileName/CloseWindowIfOpened.cs: d820344e932a12600b5fe6fb7e9f1563 -> ce229ef3b7461ff17e2c1af0695a6657
  custom:scripting/monoscript/fileName/SaveAssets.cs: e472a52843752df7d7ad4ca6b2c8da98 -> b56abea3d51c742ac29e4aec958afad6
  custom:scripting/monoscript/fileName/MergeViewMenu.cs: 93bc40369a2f104c249cef1d685ad358 -> c1676e16bdcf215f6595ea9de7a1fc33
  custom:scripting/monoscript/fileName/RepositoriesListView.cs: 9f95c83dc460fb03fb0916472f14b8a7 -> 95287f65338ca0073ad04002a16eaaf7
  custom:scripting/monoscript/fileName/HandleMenuItem.cs: 740e54c5f6dca1acc88cad87af74b744 -> b4ad1ecc5243212c5967125ad5e41b1f
  custom:scripting/monoscript/fileName/ScreenResolution.cs: 5c975132cf4e36dcc261bd0acd604271 -> 7bb7bb5b955671820101b322f0a7bf3d
  custom:scripting/monoscript/fileName/ApplicationDataPath.cs: 8e4094e28762fb76a1baecfe90c6b65e -> 3e8c4ea8debfda8013fed860ac233d22
  custom:scripting/monoscript/fileName/MergeSelection.cs: 6deb9bc55c10a7ac7c9f905a7b92dbe8 -> 630eecd27cae3311e65e09d9c63da8b7
  custom:video-decoder-ogg-theora: a1e56fd34408186e4bbccfd4996cb3dc -> 
  custom:scripting/monoscript/fileName/RepaintInspector.cs: f134606300316994850c28a68d0cb5a3 -> 
  custom:scripting/monoscript/fileName/LockStatusCache.cs: 5e3725e03dc21c716034553589a67eae -> e99b3f34c5cd3eb73ec19439af1f7f80
  custom:scripting/monoscript/fileName/DiffTreeView.cs: 68195907d129ef826aa6b6df7202696d -> 49f46fd2a65ea674a218eead75f27aac
  custom:scripting/monoscript/fileName/DependenciesDialog.cs: 82d30fc8d5e1a73ec0d1ee9acc00fbc2 -> c8902186ab2f4e6471b5dd147afb01b6
  custom:scripting/monoscript/fileName/ChangesetListViewItem.cs: 95a197949f1e777703db60eea8cc21b3 -> d742a4910e302777daa1ccb9c8e92cb9
  custom:scripting/monoscript/fileName/LocksViewMenu.cs: fda08381fa9abca53b6eaf3bf55f14f8 -> 186d8514e824865b191ba1829afe4b33
  custom:scripting/monoscript/fileName/IncomingChangesViewMenu.cs: 5f96afa82d3e2a8078206b7f6d3b0752 -> 13196979a03411533716f6775c9a624b
  custom:scripting/monoscript/fileName/QueryVisualElementsExtensions.cs: 75ea535788abf9c38ba9341c984a6241 -> a49740b6efbb934f55475cc70b864a4c
  custom:scripting/monoscript/fileName/DivergentMoveMenu.cs: 5b146ed65a6a030ab7d86a0d711244f7 -> 98d76b5791494212a0c25aa6a4af7288
  custom:scripting/monoscript/fileName/WriteLogConfiguration.cs: 1a8401f47b522f631a3dc005105719f5 -> 1589212d1638ae91a029ea3ddf9999f2
  custom:scripting/monoscript/fileName/DrawTextBlockWithEndLink.cs: 1cc3e67c46bd397f9508f124a3366994 -> 
  custom:scripting/monoscript/fileName/FileSystemOperation.cs: c31a686e69e66801c204a11be56c950a -> f0ccbe91654279794a85bf6f1c034716
  custom:scripting/monoscript/fileName/MigrateCollabProject.cs: af93695e471d9c8e4ad014c4165f2c3c -> 9f3487f03a783b35518405572f20ac9e
  custom:framework-win-MediaFoundation: 216162199b28c13a410421893ffa2e32 -> 
  custom:scripting/monoscript/fileName/ProgressControlsForViews.cs: 7d677c6df38ab15cf390062b5b0bb854 -> a8a18a90f46aa63848e1e45d8d7ff9af
  custom:scripting/monoscript/fileName/DrawAssetOverlay.cs: 04a46044def089f0abcdafdd281e3646 -> 
  custom:scripting/monoscript/fileName/NewBehaviourScript.cs: b21687ddb03d73bd9f0c1daecb9714de -> 
  custom:scripting/monoscript/fileName/ProjectWindow.cs: c62567a3d71fd74636bc783de5162474 -> 
  custom:scripting/monoscript/fileName/MergeLinksListView.cs: 826afb5fb5988163105086b4bf5027af -> c9488671ae9b14523680d0c19097baa0
  custom:scripting/monoscript/fileName/UnityCloudProjectLinkMonitor.cs: a6d5b729fcd63f578363f7929a986e8b -> 86b74508945daf368996ea82904ac8da
  custom:scripting/monoscript/fileName/EditorProgressBar.cs: 7418be9b22aaea32732f8a5f49569d1c -> 08c2f2b90ef64df631d46389f0e22c8e
  custom:scripting/monoscript/fileName/MeasureMaxWidth.cs: cd9322680ae61d38397008451b7ed0ed -> 1569e3f1dad91a9b01cba66ab6aa30b0
  custom:scripting/monoscript/fileName/ChangesetsListHeaderState.cs: 69fc4f1a2bc3782d7043ec48961a3616 -> fe1392f9b135da83e13fe8a5e5f39fc2
  custom:scripting/monoscript/fileName/PendingChangesTreeHeaderState.cs: 7d278b5569d28437d07554a3bbb56e1b -> 5d7f70d142c9ac67864ec14950523d62
  custom:scripting/monoscript/fileName/ChangelistMenu.cs: ca33bac56b3a337faa90a1b1bba632d6 -> c1bf5aeb760cc5eae584ea3944d6531b
  custom:scripting/monoscript/fileName/MissingEncryptionPasswordPromptHandler.cs: 7f5831fc8a41e9cadd84fcfd0e885072 -> 5d7b9646eb14a39b6d3d5bab19d266ff
  custom:scripting/monoscript/fileName/NotificationBar.cs: d1a4cf5e8103d80fd25347275f906aa8 -> 50f1a85fa18d94338418def78dcd8543
  custom:scripting/monoscript/fileName/UnityThreadWaiter.cs: dbd556f2802baab90a20da38c288d36c -> 99333406d92d10003984b4d1920de2f9
  custom:scripting/monoscript/fileName/CredentialsDialog.cs: 179b5e49656a1623c2e79d838f0f5876 -> c785d5e40f8d66b7ef7ba04ee7c324e0
  custom:scripting/monoscript/fileName/GetRestorePathDialog.cs: e21eb9983f0b989125951478cd5e9b35 -> 353d1126ca2d2063d5bdbd06806ffc08
  custom:scripting/monoscript/fileName/UpdateReportListHeaderState.cs: 64a5bf775d221ad9a5ff8c78a1e0e1fa -> d6cbe54be2898ed2c96c2e79572c2e08
  custom:scripting/monoscript/fileName/LocksListView.cs: 8c6202774eebcf67be9c3b5a2926cc7c -> 7aa51ff93bcc98aa05dec8b46ec200c4
  custom:scripting/monoscript/fileName/DownloadAndInstallOperation.cs: b043b8d5921892e87f4566e00162cff6 -> 4f4065aeafda2af0ec272a3c228e27b2
  custom:scripting/monoscript/fileName/DiffTreeViewMenu.cs: 3e62bfc69ca7486976988e151b88922e -> 8039fc4ecf68b3e966e1f4822789e7fa
  custom:scripting/monoscript/fileName/UnityStyles.cs: 1a176026ce9da8057f3ec90dfe0bac74 -> bbbba3cda37678cfc74d71ffebf36e7f
  custom:scripting/monoscript/fileName/HistoryTab.cs: 4d086984813cd90d6be245dd8e03a2ba -> d57f000c65fde42a2228c7a105a836e5
  custom:scripting/monoscript/fileName/HistorySelection.cs: 7c3afcf345a55e8b77ea41ca0f570218 -> 3d07a3d1241e204b5420d71f1137eba4
  custom:scripting/monoscript/fileName/CreateWorkspace.cs: 7b3086384e5ddcd73cd5064a3ce31cd2 -> 5256205b5cf0570b6f698c7abe518f5a
  custom:scripting/monoscript/fileName/ShowWindow.cs: c731454122754eec192bc3c53fac3d95 -> a6bb1d20733c178256b38974418d7450
  custom:scripting/monoscript/fileName/LocksListHeaderState.cs: b80c5f044f18764adef2e9dbea5f0fb1 -> c7fe4d3b5f954615048f8e79925d29e3
  custom:scripting/monoscript/fileName/CreateRepositoryDialog.cs: 1e1c5399cf3d0b071c7982c565a710ce -> 5cec3e66b09e0dbe1f805953c5c64af9
  custom:scripting/monoscript/fileName/RenameBranchDialog.cs: a3111a345c6451ee64cd16f1989c2313 -> e5c89c05c87517babb3730e87196a494
  custom:scripting/monoscript/fileName/EncryptionConfigurationDialog.cs: 6423045767c07e6360ff314ec741c601 -> 19e9c54aff6ffc68d60fe11f80578947
  custom:scripting/monoscript/fileName/CheckinProgress.cs: 298ac58365579798eb3b4defc181ccaf -> 75b93dbc5ef307111f0647f735640420
  custom:scripting/monoscript/fileName/AssetCopyPathOperation.cs: 571ede78b6298606a236918df9df62d5 -> 633a9d130b72ba594756844b628f0ae2
  custom:scripting/monoscript/fileName/PendingChangesSelection.cs: 766664749a54eea9ecce5dff917430ef -> 1721ad72d074757364587c71b49d9382
  custom:scripting/monoscript/fileName/LoadAsset.cs: 9042eb334fc462cf466672445be1d4c2 -> 5e4e082aa5b21c13b80eb237fe94d00b
  custom:scripting/monoscript/fileName/Images.cs: 0b0c14141950fed99e3ef33199b3b4c9 -> fbdd1e600315d249327f3effde045c9d
  custom:scripting/monoscript/fileName/DrawLocksListViewItem.cs: ce3a3d64ec2d84c3556ffd4141efc4f7 -> 6201c4d50383e970d554210505562d37
  custom:scripting/monoscript/fileName/DrawProgressForOperations.cs: ea9179848be98ee7719316b39339ef29 -> b544f18e6532ba53bbd1b691fa5cd571
  custom:scripting/monoscript/fileName/ViewSwitcher.cs: 4df4bf16a6790d08087362d43c346234 -> dd1f6d6bc6ad5beda69b13cdb560799f
  custom:scripting/monoscript/fileName/RepositoryListViewItem.cs: 2f16ba7694ec7934685021093e722c4e -> 3cabcd81911a2500dcd9e2b6ffae3f00
  custom:scripting/monoscript/fileName/InspectorAssetSelection.cs: 71ba78e42827a9b22a9a6016733d756f -> 4b3c1ae4c44d88205aef26229acfe022
  custom:scripting/monoscript/fileName/UVCPackageVersion.cs: c4d95cb84d9d8dff4727eba6b0a64378 -> 
  custom:scripting/monoscript/fileName/IncomingChangesTreeHeaderState.cs: f578f4545f0afb1f0a2de9a25e26e33b -> 9fcb97ef2da44c66332f5c6800c2e6ed
  custom:scripting/monoscript/fileName/WorkspaceOperationsMonitor.cs: 5f05751fd4d94e02e79a5bf200f98f9a -> 43dcc435c252a54bdaaf4d6588b7d66e
  custom:CustomObjectIndexerAttribute: 9a22284fe3817be447336de3de66b15e -> 
  custom:scripting/monoscript/fileName/MacOSConfigWorkaround.cs: 8634a542fc5c45ea8cd9a8244bf2c871 -> 9fe61e763da506601651f6c451cecb0a
  custom:scripting/monoscript/fileName/IncomingChangesSelection.cs: a96a5a084d59fe3917a3831b68fa9479 -> d86f9f4463e6f9d99bb815e1f018ccf1
  custom:scripting/monoscript/fileName/AddMoveMenu.cs: 07e842d83dd343358454fef0a7927a0d -> e681c3341f01390e9c1d636ae93280df
  custom:scripting/monoscript/fileName/PlasticProjectSettingsProvider.cs: 49dc3835a349b3282b9803f48edc8e50 -> 8c4ae1aeb34c51d2a5a8924265075ff2
  custom:scripting/monoscript/fileName/AssetMenuItems.cs: 9ce81cedb8e568c6b7b646aa6263645b -> 
  custom:scripting/monoscript/fileName/ToolConstants.cs: a088b027c7b0922429c756f12b0507ea -> 3b0d2490617bc7f94a0bdab65a399e1d
  custom:scripting/monoscript/fileName/MergeTab.cs: f39dce5bbfdc053d284a55fc102a8be9 -> f0a9f00e065364eb63b070091ade67f8
  custom:scripting/monoscript/fileName/GetSelectedPaths.cs: 02423a81496d6c63598b5cdc203f4354 -> be35dd49dddd53fc840b9febf21b4d0d
  custom:scripting/monoscript/fileName/TokenExchangeResponse.cs: 0dd9138dbeab6f132711a5b608de5c13 -> f20183d4cf939766d3c1e15cc3bec2e3
  custom:scripting/monoscript/fileName/ChangesetsTab_Operations.cs: eca44847b108faefa69f8c525242c965 -> 3290c4c0cd248666e01a08ee6d621249
  custom:scripting/monoscript/fileName/OverlayRect.cs: 59d6887e4803f8a44ffaa0409470e410 -> 
  custom:scripting/monoscript/fileName/ConfigurePartialWorkspace.cs: 309d4276b0164b05348aedbd51cc0b2f -> 10fcc6b6d43dd5ed36c43c6f7b5906c4
  custom:scripting/monoscript/fileName/ValidRepositoryName.cs: 43c262be3f66a970816e3d3a3ee8872a -> 56bcf92a3678f6ad6215cae2e4914cfd
  custom:container-demuxer-webm: 4f35f7cbe854078d1ac9338744f61a02 -> 
  custom:scripting/monoscript/fileName/GetPlasticShortcut.cs: 2a84c035152261f00e7e66eb44cd0ffa -> 5c2b7bf07ddd2284efc64b09ef0f1f72
  custom:scripting/monoscript/fileName/GuiEnabled.cs: 1b1658fd7715b5cc664c10a130c6b629 -> 7bb13fcc8d8cbd392e00f7232841f086
  custom:scripting/monoscript/fileName/BuildPathDictionary.cs: 943911b84162d26cea47f964f9a0a399 -> 9fabc7cc73fcfc50b8a3307c6aa6ec4d
  custom:scripting/monoscript/fileName/FindEditorWindow.cs: 2bb64182aef631315344623cf583c78a -> 8c3c78bb7e82ac5008f8a2b8a0d68cff
  custom:scripting/monoscript/fileName/DrawProgressForViews.cs: c153245b67af73b7ee03f693a1127796 -> 068a172cb549ad77d9873d721698bd0d
  custom:scripting/monoscript/fileName/UpdateReportDialog.cs: 706e7e86547c339cdb3a4462e3f7a54d -> 087837d8f73228f1a817d0de82c77260
  custom:scripting/monoscript/fileName/UnityMergeTree.cs: f81f2d7551ab855fe9dc724f3f2e2892 -> 59edaa0a4669bbcb540a261166adc144
  custom:scripting/monoscript/fileName/CycleMoveMenu.cs: 91c21a0be9b3727d7673f94321029c52 -> b3993a7306fc941f55ca963833965729
  custom:scripting/monoscript/fileName/HistoryListView.cs: 527da2d093462f1c4a278d6957e7d5ac -> 7b2d1d2c12ab43d9d244e35197127919
  custom:scripting/monoscript/fileName/ChangeTreeViewItem.cs: 506ed128854137d9f75f9e3d2576a06b -> b0a38ce0a620643c776a3db4fd91bc4c
  custom:scripting/monoscript/fileName/BringWindowToFront.cs: 88b20f2a2881db6a013f54923d68cdee -> a30c7c1ba746c6d277a5aedd3057d15e
  custom:scripting/monoscript/fileName/LaunchCheckinConflictsDialog.cs: 4417eba1591eccb2221bfdce0106c1e0 -> e2c1e3f8f4e14a62e4363fe6259adbc2
  custom:scripting/monoscript/fileName/ParseArguments.cs: 03c1a4d7e357164ca313a0019713c3db -> ae915d9f5fe287ced40627c9ca8bfafd
  custom:scripting/monoscript/fileName/ExternalLink.cs: 685ff1dd6f55eb61a1fd8af84a2aa7f5 -> a8ff952d8c27d10f226ab92b7aa83b69
  custom:scripting/monoscript/fileName/WaitingSignInPanel.cs: 247680fcfc6a176b9fa28a3df600a754 -> 7585e1c7111b6b900784e6d1c9454258
  custom:scripting/monoscript/fileName/OperationProgressData.cs: 0db72349eeecbe9449a517b1d79cc760 -> 15f68712baaea535af36d9e0333c0a6e
  custom:scripting/monoscript/fileName/RepositoriesListHeaderState.cs: c0353a1af15ae4fd3d5a2a3cac816423 -> fb71b961ab7c924511a6b0e8680b60ee
  custom:scripting/monoscript/fileName/ClientDiffTreeViewItem.cs: 56be9d3aa410e770e75de2d8b93be89d -> 43bdd7aa5bf1aa039a5b572c119c38d0
  custom:scripting/monoscript/fileName/CreateWorkspaceView.cs: c40bc4c8524ef3e2374ef997beb2e4a6 -> 9ae2295080d141c0f12d02a71014e11c
  custom:scripting/monoscript/fileName/CommandLineArguments.cs: 0d20ca25f94249586a7c1484c469d8a2 -> 48a62ad3f817c0269ea7fc4a53799594
  custom:scripting/monoscript/fileName/DownloadRepository.cs: 46fc68d9cc4da8e8ed765ff28b2dd438 -> 5bad8d3f76a3fcb41a94637e37c11ab0
  custom:scripting/monoscript/fileName/ParentWindow.cs: 2476d8a6ba9c3055f984ac9792cae61a -> d6aa079e592e01701c5baa3ab98898bc
  custom:scripting/monoscript/fileName/OperationParams.cs: 091a140b35535b91c773ddf98925322d -> 3312c7a4424a66ffbf2f88f056f329aa
  custom:scripting/monoscript/fileName/SignInWithEmailPanel.cs: a5823728eb62cf6dbd8c933c1cb26f53 -> 6e8957c0ed7609303e68389067e72d72
  custom:scripting/monoscript/fileName/LaunchInstaller.cs: f9b7c99441bc32980ce9b95be066824b -> b75efdf5909b501e06cacd9c66f75981
  custom:scripting/monoscript/fileName/GetWindowIfOpened.cs: 84a2356c61155912908cf98a62600c22 -> fd8bfd1a9b371371ebbff48e377726f9
  custom:scripting/monoscript/fileName/AvatarImages.cs: ea6dca998cf0ec5122553a9e010ef687 -> 3aa8c25a350843151ec4070c820c411a
  custom:scripting/monoscript/fileName/DrawUserIcon.cs: 2f65feb9bed897237f97fbf9c5479092 -> 7d5385bf780ae84e648a8b49f8fe0825
  custom:scripting/monoscript/fileName/AssetStatus.cs: b9ea657347f2c22e8e401cdb256c516c -> e017010009bdb28bcb0d7d8ef05e7dd9
  custom:scripting/monoscript/fileName/BranchesListView.cs: 334a3fb302f855f71fb71520fb442a71 -> 3f5ed9fe5a1bca512014ae1600ee1666
  custom:scripting/monoscript/fileName/DrawGuiModeSwitcher.cs: 363adc150c5f1c5059a678f179906090 -> d3be34a3134d3fe80ef6b14d0d519128
  custom:scripting/monoscript/fileName/UnityMenuItem.cs: 5f445176ad3735e69769d93250663be7 -> 73f3c859f1b5092ad362c09e23b3a922
  custom:scripting/monoscript/fileName/WebRestApiClient.cs: 8ab6ae74a3793a3375cc48f328048a82 -> 746756fd499dddd02a4e7ccdbac48be3
  custom:scripting/monoscript/fileName/PendingChangesOptionsFoldout.cs: 1ad411e4720a65e6d5ed1fc883c5ffc8 -> f9e651bcc5d4441496c88ab59a32f360
  custom:scripting/monoscript/fileName/IncomingChangesTreeView.cs: d8c19bc81b07c04d7721396d2821d297 -> 96479648d4498738733254eb4e4c6fb5
  custom:scripting/monoscript/fileName/GenericProgress.cs: 11287c7d038c487f32d0c8edc476a32d -> 8492ec26f01fc248d3eb3c2f5b3b6c0f
  custom:scripting/monoscript/fileName/MergeCategoryTreeViewItem.cs: c1ecd9dc0cd73eb7eb129994dedc1a91 -> 6bd59fcbfeafe06987a54631991d755b
  custom:scripting/monoscript/fileName/CheckinDialog.cs: 1709b78fae1329cc05fd4f39334b25f5 -> 702fdb8d0a3b4bfcb9ba109e71325cad
  custom:scripting/monoscript/fileName/ProcessCommand.cs: 2cc3b6e2a763c7f353b474b6904b45a6 -> 
  custom:scripting/monoscript/fileName/SortOrderComparer.cs: 8f6297df34271fdb1ce2d9607ec6261d -> 90647cc400823b41df847a6cbfc29026
  custom:scripting/monoscript/fileName/GUIActionRunner.cs: 69af7de0762ed6d085feb4cc4b5101b3 -> 4a0608de635b0d82868d57923d68eff7
  custom:scripting/monoscript/fileName/PlasticMenuItem.cs: 30c3a785b4c2607e2ae9aad693d5f604 -> 
  custom:scripting/monoscript/fileName/PendingChangesTreeView.cs: f3722f38014385705913f17dbe0f90c1 -> 17142d220a0a50a3f3d184c4718a0da7
  custom:scripting/monoscript/fileName/VCSPlugin.cs: 69c1b7249af35f35848ae707bd5e7113 -> 
  custom:scripting/monoscript/fileName/GetClientDiffInfos.cs: 4ae14b15e2cf5177a84735548a44cdc9 -> f8db8e637ded2d5e935a953a13b85ebe
  custom:scripting/monoscript/fileName/DrawActionButtonWithMenu.cs: d7f31944358aed2f3ed3982246fca039 -> 8d4f5edd02a1dd0f38c4f2baf5ee8a33
  custom:scripting/monoscript/fileName/ErrorListViewItem.cs: a9f229dd6829be37e3d3d11493cd30e3 -> 509edc26860f8be303ec97d68aabc30d
  custom:container-muxer-webm: aa71ff27fc2769a1b78a27578f13a17b -> 
  custom:scripting/monoscript/fileName/EditorProgressControls.cs: b1f133fa38afd918d537a72574fc93a0 -> 2e606eb01a6e6a567f3de9a0379ed3ae
  custom:scripting/monoscript/fileName/BranchesListHeaderState.cs: d47f1164fa7093137db851c4c16ffba3 -> 82eab21603f4efc696334ee80641c2c9
  custom:scripting/monoscript/fileName/DrawSearchField.cs: b11b864a92c7d76f85d4ec87d6faf61c -> 3de70beba9f4447205d50241d95b066a
  custom:scripting/monoscript/fileName/PendingChangesTab.cs: c99065f3c85ec85c85ece2a1a30665af -> 15ae6787065f4af65778e981f418a60b
  custom:scripting/monoscript/fileName/MergeTreeHeaderState.cs: d266e9dd03ced7ec66ad3688e5f18f26 -> 6293ca7f65e9641fcbe12100e705a990
  custom:scripting/monoscript/fileName/BuildGetEventExtraInfoFunction.cs: 1308a6936e8051866a117b3b7c2c7b77 -> 74bfc8c01f931108a3c2b127aa04cc8d
  custom:video-decoder-webm-vp8: 9c59270c3fd7afecdb556c50c9e8de78 -> 
  custom:scripting/monoscript/fileName/WelcomeView.cs: 07e35bfe1faa2c52c049eb30958acd54 -> f06c185659ea2f4a75f9397861dc6096
  custom:scripting/monoscript/fileName/DeleteMoveMenu.cs: 39c593e854a9a8ae0e6d34ceb587fce1 -> 4d026cbabd8105e38661f97da078042a
  custom:scripting/monoscript/fileName/PlasticApp.cs: c440a0fb380601a77ad475d6c15d4fa1 -> c57de230d90beac7b586f10b9c7c6cb5
  custom:scripting/monoscript/fileName/ChangesetsTab.cs: ef408d8aaf89e01b17643ed0c836680d -> 46dde8f7856048792ad2e75490bb8c5e
  custom:scripting/monoscript/fileName/DeleteBranchDialog.cs: efbbc070bfeda2b746e8b15a4380cb26 -> 8549b0fc52962c89115fd78724fee578
  custom:scripting/monoscript/fileName/IncomingChangesNotification.cs: 5d73d1f1a99af71ddd954044bdf322d2 -> caa8ea2c7336b9227381f0971759e01a
  custom:scripting/monoscript/fileName/DrawTreeViewEmptyState.cs: d4c16fd6aad8161eda7d99fd74cbb08e -> 
  custom:scripting/monoscript/fileName/ErrorsListView.cs: 7cfd18bb17e557401eb4aa1ca93dbfd5 -> cd35171982f17897dd5148dda46e0956
  custom:scripting/monoscript/fileName/UnityPendingChangesTree.cs: fd6f0a038401268983bd9328d10dec93 -> f391d9a00dc9e202cee4d4ebcf6d21c0
  custom:scripting/monoscript/fileName/ClientConfiguration.cs: 5f5e47bfb7cedc7420d7e59c6d7ae6f0 -> 01b18b09a6dbb3756e1f42a5b64aab0f
  custom:scripting/monoscript/fileName/AssetVcsOperations.cs: 50ee89e011ba3d800b4e7a9a24aca7e1 -> 
  custom:scripting/monoscript/fileName/EmptyCheckinMessageDialog.cs: e95636a2119dec4d0c1f323f7ba65603 -> 
  custom:scripting/monoscript/fileName/PlasticDialog.cs: b0aae1bf1889af041741f324070b7b84 -> 63a17a2b696bc2a13c9046aa16f8cea4
  custom:SearchIndexIgnoredProperties: e643bd26f0fe6173181afceb89e7c659 -> 
  custom:scripting/monoscript/fileName/AutoRefresh.cs: 9d30d5d3f0e8985355be1ab597da1dbb -> 0a8afde180a876655ad16caa14493409
  custom:scripting/monoscript/fileName/PlasticPluginIsEnabledPreference.cs: 7953272c37f4a828a3d1096e7479f346 -> 
  custom:scripting/monoscript/fileName/GetRelativePath.cs: 9b16eb2de9e98b392077181cc34243c1 -> ab04ae5e0cafb93ebf5c96148bb52df0
  custom:scripting/monoscript/fileName/UnityEvents.cs: 253411328de37811883aded592b97268 -> c830e584565fcd66ca0d5a23ad8b9bd6
  custom:AudioImporter_EditorPlatform: d09bf68614088b80899f8185d706f6e7 -> 
  custom:scripting/monoscript/fileName/DeleteChangeMenu.cs: 540c783b689e4d6a4a383862455d5d39 -> bfa368dc06e11abcc107d6f80c7c19c5
  custom:scripting/monoscript/fileName/DockEditorWindow.cs: 581124d5e19667105f2446d6dfbf7982 -> a9e5e467234133af999283610b6e84e6
  custom:scripting/monoscript/fileName/ProjectPackages.cs: e247c98bd45807b228765f9a94d82145 -> 9e9e13e39b2e9718b602503b87245c18
  custom:scripting/monoscript/fileName/BranchesSelection.cs: 7eb1fcb556f0fad697e4ec9d989be099 -> 33b36e7b03910960966036894ec90c7c
  custom:scripting/monoscript/fileName/SaveAction.cs: b68fbb4319dbb368959c40781b39fdf8 -> 27c387bb58f3a69b0c9ff60d2209e18f
  custom:scripting/monoscript/fileName/AutoConfig.cs: 6c4e7f9dc55323aa1299debfe9723aa6 -> bf4bbd2f2e752464ef51dbf102faed17
  custom:scripting/monoscript/fileName/DiffPanel.cs: 02288a38bd14cc2b52a25b302a6f154e -> 210366dab3631628227b9406f87a9b7f
  custom:scripting/monoscript/fileName/PlasticAssetsProcessor.cs: ff731c8aacf4a537dc74c7cf9eaeaed0 -> 
  custom:scripting/monoscript/fileName/DrawActionToolbar.cs: 52293cb82089e0370f52e257f41c0869 -> e05748a99799f26304c1bbafd90f703b
  custom:scripting/monoscript/fileName/TreeViewItemIds.cs: 7d654a2b5b3a10da3e7d8472196e96d1 -> 0cdf409b5aa8d4c25876d72b5c6a3b60
  custom:scripting/monoscript/fileName/EditorVersion.cs: 70953c9eccf7726f70c672a9a51619e9 -> 698aba075b19a52a056d67a7b809d179
  custom:scripting/monoscript/fileName/TeamEditionConfigurationWindow.cs: d06f049421c16e5927ec29f770917e09 -> e53b1ca5561894aaeff930afb696d001
  custom:scripting/monoscript/fileName/ProgressOperationHandler.cs: 5fbb4e0f656dcfaa4498bd2e492e4710 -> ec62666c0ca1649dd33cc6bc6834c6f7
  custom:scripting/monoscript/fileName/UnityPlasticTimer.cs: 961fdb6492c99b4a3eadbed28e78c4b0 -> 6c887e722e951c2964523825cad70c4c
  custom:scripting/monoscript/fileName/TreeHeaderColumns.cs: 9fc4a0396a421346b8aa3b7788860851 -> 316e5ea62e66b20fd6e687a6b9e5958e
  custom:scripting/monoscript/fileName/MergeOptionsDialog.cs: 25ac62df73845405e13f44e4dfdcf0d1 -> 9250ce23d260ab84f87bd5899c6cf983
  custom:scripting/monoscript/fileName/AssetFilesFilterPatternsMenuBuilder.cs: 8fe5de6e5dc3d42fb7e95de2aaedbf5a -> 0d99e7514c6a33cda8314deed8f34bc5
  custom:scripting/monoscript/fileName/MergeTreeView.cs: 143a828a1a236483d3cdc1d010ce9d51 -> 3feb38cec50d3fc7576ddbf07a9a9ce8
  custom:scripting/monoscript/fileName/PlasticNotification.cs: 3629fdff9f054b2013702f5b131b2c47 -> 
  custom:scripting/monoscript/fileName/ConfirmContinueWithPendingChangesDialog.cs: c0e147ff008a0b77c9337132a3ea70af -> 77462b1904ad8f6fee2f8da4523d59fe
  custom:scripting/monoscript/fileName/ChangelistTreeViewItem.cs: a4a6f6169cdb3afe249e104e2b7b1a2c -> 87f69636be8bd1a264ec4eac1bffa701
  custom:scripting/monoscript/fileName/CollabPlugin.cs: bda741ff77a19affbf276298e29313ec -> ca276d65e7cd77c5c99d9f119ffdb215
  custom:scripting/monoscript/fileName/TabButton.cs: 757146b89ed597b1d75c77241e5d5f63 -> 
  custom:scripting/monoscript/fileName/LaunchTool.cs: 3ac53c8af1f56365aad9e1ae5366d98d -> 60773d78646dc188d4b2caca77f20b17
  custom:scripting/monoscript/fileName/RunModal.cs: 33b931100ee477e6812324eabaa2e837 -> c83ee2ef642c5d8b8dfd32f033bfc438
  custom:scripting/monoscript/fileName/BranchListViewItem.cs: 8fdaa5aa842f5a70237affa304b9d506 -> 55028f4aef24d6227589aaa95582b2ff
  custom:scripting/monoscript/fileName/GetAvatar.cs: 07c98163f75f0b7c672bd453fc82bf61 -> 04ffae2a9e5a4c32a119f93144f558d2
  custom:scripting/monoscript/fileName/MoveAddMenu.cs: 81d47caeb9f49803adfe1627c8ce5bf4 -> 1fbfab870b2e95fdd8a81f6019f764df
  custom:scripting/monoscript/fileName/FindTool.cs: fc3b0710b24078288fe829d0bb041dd0 -> 2f9d82566cfb01fb68fc30111fb47624
  custom:scripting/monoscript/fileName/ChannelCertificateUiImpl.cs: 75d7831ab5da75cc0082e28863abb142 -> cefccf1e13b7bcf15e3c9f2dd4cd2fc8
  custom:scripting/monoscript/fileName/ApplyCircleMask.cs: 02eb67e485278e7c9b719fee5ff90f4a -> b955b378d261fdcbd6272fe8711d1e4f
  custom:scripting/monoscript/fileName/AssetMenuOperations.cs: 131bfc7279b97eba576abe13a47f8f91 -> ebcce67603e288b4a84d49287db6ef5a
  custom:scripting/monoscript/fileName/VisualElementExtensions.cs: cd98f4a51563fccdfc39eed097290325 -> 0aad2728225c469038631668406aebb3
  custom:scripting/monoscript/fileName/LocksSelector.cs: 70b046a562568fd78d093736e68a3a58 -> 7b0f4fc5552c1d92ba7f4648526ceb21
  custom:scripting/monoscript/fileName/ListViewItemIds.cs: 8f6297df34271fdb1ce2d9607ec6261d -> 90647cc400823b41df847a6cbfc29026
  custom:scripting/monoscript/fileName/CreateWorkspaceViewState.cs: 1deb37b3c17c224d9a7dca9c990ea191 -> 0fe23b7cca9336b31a27790c714de652
  custom:scripting/monoscript/fileName/MergeLinkListViewItem.cs: ebc1e6f9e3a3005d8f4c51a794adfdaa -> 3fa407d29597803190dd374d88ed170d
  custom:scripting/monoscript/fileName/DrawCommentTextArea.cs: ad5449f632fd412ac0f7ba0d171fd453 -> c58c26552f95f108a8d9610eaf001fbc
  custom:scripting/monoscript/fileName/ErrorsListHeaderState.cs: f366e16fac061f262479ccab9ff07a93 -> b961336a4a43551eb826f97c57673007
  custom:scripting/monoscript/fileName/MergeViewDirectoryConflictMenu.cs: d45972e8b5f74223c607a4daa895ff3d -> fad8e1937fc14fd75ca21a68ee1037b8
  custom:scripting/monoscript/fileName/RefreshAsset.cs: 4479d2949a66a97f66d1e550067f3767 -> 5a15c606785f1f54a697bb0d0d846dfb
  custom:scripting/monoscript/fileName/BoolSetting.cs: d67f952c3a5976591f3e9a9e7356bbab -> 12bf039ccd38b0f4ccfffbec3cbbf108
  custom:scripting/monoscript/fileName/CreateChangelistDialog.cs: 774371d4233cc1d394d98dc80507a1f8 -> 386b03e27c951c5f1d63daf7aae486ca
  custom:scripting/monoscript/fileName/HistoryListViewMenu.cs: 15a489e494f04a7ea37a587c7601070e -> 29770348599c8d5473b78d72e5741b40
  custom:scripting/monoscript/fileName/MergeViewFileConflictMenu.cs: d7362b83d6b320a0f0ceaf99dbe21727 -> 8fc0f292158abfa71c2c7b3b6f38d32a
  custom:scripting/monoscript/fileName/FilterRulesConfirmationDialog.cs: 5186d89f21d03764f0cca01c2a0122d7 -> 9c91c6c91f20e6d013a753f32343b327
  custom:scripting/monoscript/fileName/ChangesetsSelection.cs: d154d1782ed752b83834c54a0bde3df9 -> 8b9d539af9f7e269bac4e3d79e9ffab8
  custom:scripting/monoscript/fileName/AssetPostprocessor.cs: 96208057b904410715a8df295ba4f8f4 -> 
  custom:scripting/monoscript/fileName/IsResolved.cs: 67a72533af97b9ab7830798057ab806c -> f54a3e2c5134aa4306f9ad150b1911a9
  custom:scripting/monoscript/fileName/LocalStatusCache.cs: a558fcf5f34357bab4cfc7b75e2bb356 -> 30974ea30517fbfd1b93153f6c849a76
  custom:scripting/monoscript/fileName/RepositoryExplorerDialog.cs: 143e7416b576681e1f2ea71288e530e6 -> eea34924da79ad7254f3e141a891c78d
  custom:scripting/monoscript/fileName/WorkspaceWindow.cs: ff52e13cd29dacd66db0169e14f71a23 -> b042f06133312d3bfed176231d97d77c
  custom:scripting/monoscript/fileName/BranchesTab_Operations.cs: 764cb17e9337c58ad4f5304b60b2042e -> 57c33f76c527a5aba4d269245ffff188
  custom:scripting/monoscript/fileName/PlasticShutdown.cs: a8df8eeeed98372d06e446171a192a6d -> 
  custom:scripting/monoscript/fileName/FilesFilterPatternsMenuBuilder.cs: 28072cd275c96994687e6d4d0d6e1dff -> cf716a8d336c8113475a9ca67a799ec1
  custom:scripting/monoscript/fileName/HistoryListViewItem.cs: 2d3b1fc954b6bdbae298ec250ade0663 -> 96f2b67ec620b83e35d13f11877e1ac1
  custom:scripting/monoscript/fileName/RemoteStatusCache.cs: 00463e6b90cfe7da080d7c266f783980 -> 402d5663f3675e9324c129274b0c00f2
  custom:scripting/monoscript/fileName/EnumExtensions.cs: 24df84756ec75feecd53a80a0991ea16 -> 872fcb89b813d64606e680211dede528
  custom:scripting/monoscript/fileName/EditorWindowFocus.cs: 1012e4e2e29e9b29bdcc03d8b92762a8 -> f258b0cf85078a7435d001e522d5e8e3
  custom:scripting/monoscript/fileName/NewIncomingChanges.cs: fc48261878ef7e4b956e7172f5803aee -> 
  custom:video-encoder-webm-vp8: eb34c28f22e8b96e1ab97ce403110664 -> 
  custom:scripting/monoscript/fileName/UnityIncomingChangesTree.cs: f774bb8bf0bd45a254894c795843c695 -> 42967773c43d3de5d23be4ddc6dfd9c4
  custom:scripting/monoscript/fileName/UnityDiffTree.cs: 447fc3a8922f56330f4bae8c9dc9a8be -> 1029ffd567bc0e646e6b119719dcb2ff
  custom:scripting/monoscript/fileName/TreeHeaderSettings.cs: 114eb9e27124403e8e111494b8eaf987 -> 662b1714c0fce36da72bbfe60201987a
  custom:scripting/monoscript/fileName/UnityConstants.cs: 0eb92bed4b0c568cb341161b4319c2db -> e3d3c3e11a194da9e5bbbfb97087a7bd
  custom:scripting/monoscript/fileName/IsExeAvailable.cs: 3e4283303610c884e542b8f6d3e922d4 -> 4a3dbc5ded94087064afd97407f26631
  custom:scripting/monoscript/fileName/LoadedTwiceMenu.cs: 961f9b82936caa7937046ac23d323c2c -> b54aa2e14eb740621bb6f926af7cb8ef
  custom:scripting/monoscript/fileName/AutoLogin.cs: e67ed70aada38469aeb667115929c368 -> b4cb98371fc38cca00d7123b7e649e12
  custom:scripting/monoscript/fileName/DrawMergeOverview.cs: 1db93bf179b38015949e3a3cb6ef1bd3 -> 49e0e525c3c170f79c20dc6779b7ead8
  custom:audio-decoder-ogg-vorbis: bf7c407c2cedff20999df2af8eb42d56 -> 
  custom:scripting/monoscript/fileName/UpdateReportLineListViewItem.cs: a101f0ba5292fc139445870b3f4af838 -> 9f63395e1ea590dbbab4d59cd0032ac4
  custom:scripting/monoscript/fileName/DrawSplitter.cs: ec7e8739eacabcca3e2946d9833eea0f -> d2f114a8e8e4167f7762d835a83b2f55
  custom:scripting/monoscript/fileName/LaunchDependenciesDialog.cs: e1c527862a66e73f0417ae177d7fdfb5 -> 2cabf22eb95430074b6c730a84e03493
  custom:scripting/monoscript/fileName/CredentialsResponse.cs: 96b135ae1c4ea541dc762170ea524fa9 -> 3dd2507693e56dac75ee7783f598cbb9
  custom:scripting/monoscript/fileName/LaunchDiffOperations.cs: aeae601320588a70eea7590a2f7e0f69 -> 871a0804a9fe2d9f2ad088303a89a63e
  custom:scripting/monoscript/fileName/PlasticSplitterGUILayout.cs: 111849f67dfbfea65ad2a9298ad1654d -> 
  custom:scripting/monoscript/fileName/CheckinDialogOperations.cs: 0b2a2cd4c41cf1865a29cf91b2a96a48 -> d032d69e8060311c06b88286e8f22ddd
  custom:scripting/monoscript/fileName/PendingChangesViewMenu.cs: 68fab310addfd7068cfd7920070496ff -> 9b0019b6df6bb14eb3a2dbafa53fb54b
  custom:scripting/monoscript/fileName/AssetsSelection.cs: 35cec24e81f0cb1de51daeb356abc4ff -> 0227d7ff4d5687932d10967a945a9b06
  custom:scripting/monoscript/fileName/EnumPopupSetting.cs: 8f6297df34271fdb1ce2d9607ec6261d -> 90647cc400823b41df847a6cbfc29026
  custom:scripting/monoscript/fileName/PlasticConnectionMonitor.cs: 920e8e381bfc94da8bb69d336dda57ca -> 
  custom:scripting/monoscript/fileName/DiffAndMergePreferencesFoldout.cs: ca66ad883a35933771fab24b1f247ea9 -> 
  custom:scripting/monoscript/fileName/HistoryListHeaderState.cs: 6226ef13a567fa81584864f8698be331 -> a87e0364d14866c369ad50d669bdfa85
  custom:scripting/monoscript/fileName/CloudEditionWelcomeWindow.cs: c886fdb39f4b8787e6ea3701a8f88f4a -> b1721e471183956468462f6b64901640
  custom:scripting/monoscript/fileName/AssetsPath.cs: 367269acf8f676d2cdd30fdc387b3920 -> e0e986124adc46d913f0683c34b88c9f
  custom:scripting/monoscript/fileName/MetaPath.cs: 1f80313a7ce6ec6ece505285578f5745 -> 417a84eb354831f828a6752b26c8592d
  custom:scripting/monoscript/fileName/CredentialsUIImpl.cs: 90e9c2de8d7bdd8424e0d89c415108ae -> dbacf67c37819fd95562fe169e706732
  custom:scripting/monoscript/fileName/ChangesetsViewMenu.cs: b720f0168f4ce1b1e0d358a6d5ec9a42 -> 7d1a2de81910b5990e71a0bfff26fdca
  custom:scripting/monoscript/fileName/UnityPlasticGuiMessage.cs: 2a7f71f59c0d7dc731fd345a3713957c -> 24eef0792e3802809607a7f9d04b8f1d
  custom:scripting/monoscript/fileName/OrganizationCredentials.cs: ee462057b3bd23cc3dab953ac4d656e2 -> 0b123406cadd651e9adc01c85fab5124
  custom:scripting/monoscript/fileName/StatusBar.cs: 392933116703b8e69a96dc0b873bf6f1 -> 
  custom:scripting/monoscript/fileName/IsCurrent.cs: 7343ceec4312304bb8b398eeb6c375fa -> cf1fd01890d0fd9f011c1a1a491e2cf0
  custom:scripting/monoscript/fileName/ChangesetFromCollabCommitResponse.cs: b986ab8b1acd322b0367812e2d541734 -> ba336e4117e1b7ee28e4c17197bc3d0e
  custom:scripting/monoscript/fileName/MoveToChangelistMenuBuilder.cs: 3a2ef8cb0baf69e5dadeafc731fe32a9 -> a90b3e388d3e1316fa104d4c9a03e2d1
  custom:scripting/monoscript/fileName/LoadingSpinner.cs: b3299af90b664a9f42123e7df43fae24 -> 6aff0ac022d117a8e24a7b5e4b11904c
  custom:scripting/monoscript/fileName/LocksTab.cs: 134c512484ae73354c15c06a6dc69f9f -> 00ffb5a39c16fdc2d733c7e53471a3a9
  custom:scripting/monoscript/fileName/BranchesTab.cs: 764cb17e9337c58ad4f5304b60b2042e -> 57c33f76c527a5aba4d269245ffff188
  custom:scripting/monoscript/fileName/ToolConfig.cs: 18b1ea271ce5e7b6deea7b4e8e175269 -> fcffc3165b047f54ed6ccafa4c8760dd
  custom:scripting/monoscript/fileName/DropDownTextField.cs: e66e7314096900597993d2b353757d8d -> c8fc484ce140049ff31ebc2c6cbebf28
  custom:scripting/monoscript/fileName/AssetsProcessor.cs: 47679a6e15b70f4fef48eb1b2df31b19 -> 18737889e95cd4088e8dfd4153fa8f40
  custom:scripting/monoscript/fileName/DrawActionButton.cs: d847a7d82ac92cab2b3d0ae268cefb3d -> 81e6708d2b8fa199354e53f85db731a8
  custom:scripting/monoscript/fileName/TableViewOperations.cs: ddc7b903e0dbd6bd109f2bd709b95f0e -> bef3a31deb1fe794a90f767d16e4c868
  custom:scripting/monoscript/fileName/UpdateProgress.cs: 5b04f01bf199310f09ab9522f89c78f4 -> 281e1e05168d6a30be1d8d2f6200bef8
  custom:scripting/monoscript/fileName/OrganizationsInformation.cs: b3f0758c6655b2dad1161792812992fa -> 5f067ea8d90fc79055a3dcfd58ae6dca
  custom:scripting/monoscript/fileName/ChangeDeleteMenu.cs: 652dcd6f863c509bfa0376b6d95ab1ec -> 4fefe66d6e279ce0ac2fdc57d409f232
  custom:scripting/monoscript/fileName/SubscriptionDetailsResponse.cs: e10e0299ef716630c63b8cf5f792cda0 -> e5121cec860a6d1097cc809217b3d8fe
  custom:scripting/monoscript/fileName/DrawProgressForDialogs.cs: 5f8d39e3ea7c4a42148c6b1a7b4ca061 -> a5f2abd8875e7a6afbc171fabfbae81f
  custom:scripting/monoscript/fileName/ToolbarButton.cs: 47dc767626bbd94d66707af31ddc5eb6 -> 
  custom:scripting/monoscript/fileName/ProjectViewAssetSelection.cs: 349dc288d32791de51156d4e59000b7b -> 2560eadaf6a13a74a46a4a207cd5a8b6
  custom:scripting/monoscript/fileName/DrawTreeViewItem.cs: cceebc4f1185658619e40964f29acb08 -> 0921a62a588ab864253743d1f07afb5a
  custom:scripting/monoscript/fileName/DrawSceneOperations.cs: 2426c0c2ee58cd28be59874f6425940c -> d87f46f9fb97181a2f51490ea2e1efc3
  custom:audio-encoder-webm-vorbis: bf7c407c2cedff20999df2af8eb42d56 -> 
  custom:scripting/monoscript/fileName/DrawActionHelpBox.cs: dcd6ec2e7fb1b44f22c4a79ff87b70cd -> c8f6be9dab1e6f8d71e0c63c29679186
  custom:scripting/monoscript/fileName/PendingChangesMultiColumnHeader.cs: 21802cc6929e0e180fb4f0be8e34d9d0 -> 722de7d6e07a79981d750438e6febb8f
  custom:scripting/monoscript/fileName/EditorDispatcher.cs: c739e073a8c38dbcf59192f45d1004c5 -> 3c402eae57d73cc54863f3f6a13096ae
  custom:scripting/monoscript/fileName/MovedEvilTwinMenu.cs: ce111941dc7264d29598ce7fd2770927 -> d480b839850d28c1c9526cb587fc752d
  custom:scripting/monoscript/fileName/IIncomingChangesTab.cs: d4ceabdc48d8a1872bbe87f04d89a4ff -> 40644cd18074db84684b9e437bf8fa77
  custom:scripting/monoscript/fileName/GetChangesOverlayIcon.cs: f00e4b795697c6cf3092760f3b6fc49d -> d599d6efdee28305661bc0cf6683858a
  custom:scripting/monoscript/fileName/EvilTwinMenu.cs: 475a88947051822ca4915306469f9bcc -> 919e4faae0573e49949f6dfbb5a733da
  custom:scripting/monoscript/fileName/ChangesetsListView.cs: caae0aefb36c869f50691482a5cd0944 -> 87b74e0d80cf59010f55e2baaeb6679d
  custom:scripting/monoscript/fileName/UpdateReportListView.cs: 2d8fccdaad50bbd7454b52cf9cb4a0f9 -> 08d26df1ab6c3a7628addc5e54e50b08
  custom:scripting/monoscript/fileName/UnityConfigurationChecker.cs: 59a8f0715a7c89a752351bf42f94abbd -> 874cd65cce0384fef4b60e71fb08a429
  custom:scripting/precompiled-assembly-types:Assembly-CSharp: 8ec980f6918789eda0d7a1a9f303d9b0 -> fc915b8c64163b6761e5351aa2c02497
  custom:scripting/monoscript/fileName/CheckWorkspaceTreeNodeStatus.cs: 5e11ff64963669981115eb58dc2b6e8b -> 1e1255b803bf7cbc935bb804bf0dbe7b
  custom:scripting/monoscript/fileName/PlasticPlugin.cs: a57c142b98ca3d4daad221737fd72924 -> c64561980f26020cc3206ae8b1047268
  custom:scripting/monoscript/fileName/SwitchModeConfirmationDialog.cs: 4d9c02587760213784bfe53d012122b4 -> 30cd71d0b3ee4b2689cde689908d301e
  custom:scripting/monoscript/fileName/PlasticWindow.cs: fc467478941f610919bc69526ba2c215 -> 
  custom:scripting/monoscript/fileName/PlasticExeLauncher.cs: caa0b5dda5df50c85bb19d27252d16b9 -> f1da27253760250030952f02cb54965a
  custom:scripting/monoscript/fileName/BranchesViewMenu.cs: 8089f11c30784e2e57775dd6cdbae898 -> 7bfc83e917c9b0b5aa423bb947ce2a38
  custom:scripting/monoscript/fileName/CooldownWindowDelayer.cs: 7816cfcad485500dbac9993c4502ea69 -> 4c95e39c8dd4cfa1bca106097fdb6524
  custom:scripting/monoscript/fileName/GetInstallerTmpFileName.cs: fa7bda723ac795b48e38504727f44981 -> d09e0b5c7a9af5874530e17ef23025f0
  custom:scripting/monoscript/fileName/AssetModificationProcessor.cs: a602c9e59e7db185e3a0d68d986e6fef -> 
  custom:scripting/monoscript/fileName/IsCollabProjectMigratedResponse.cs: 4c3294c6a51e6f42161d191230692016 -> af2b76c693935deee55cfcaed2aa7568
========================================================================
Received Import Request.
  Time since last request: 16.191482 seconds.
  path: Assets/Scripts/Ga.cs
  artifactKey: Guid(e17cded3b8c23aa409a413edd1483dc2) Importer(815301076,1909f56bfc062723c751e8b465ee728b)
Start importing Assets/Scripts/Ga.cs using Guid(e17cded3b8c23aa409a413edd1483dc2) Importer(815301076,1909f56bfc062723c751e8b465ee728b) [PhysX] Initialized MultithreadedTaskDispatcher with 32 workers.
 -> (artifact id: '7a0c74dee03f3538d3b6ed5d98af4c18') in 0.001553 seconds
Number of updated asset objects reloaded before import = 0
Number of asset objects unloaded after import = 0
========================================================================
Received Prepare
Caller must complete domain reload
Begin MonoManager ReloadAssembly
- Loaded All Assemblies, in  0.522 seconds
Native extension for WindowsStandalone target not found
Mono: successfully reloaded assembly
- Finished resetting the current domain, in  0.984 seconds
Domain Reload Profiling: 1504ms
	BeginReloadAssembly (145ms)
		ExecutionOrderSort (0ms)
		DisableScriptedObjects (5ms)
		BackupInstance (0ms)
		ReleaseScriptingObjects (0ms)
		CreateAndSetChildDomain (27ms)
	RebuildCommonClasses (29ms)
	RebuildNativeTypeToScriptingClass (10ms)
	initialDomainReloadingComplete (34ms)
	LoadAllAssembliesAndSetupDomain (302ms)
		LoadAssemblies (371ms)
		RebuildTransferFunctionScriptingTraits (0ms)
		AnalyzeDomain (25ms)
			TypeCache.Refresh (10ms)
				TypeCache.ScanAssembly (1ms)
			ScanForSourceGeneratedMonoScriptInfo (7ms)
			ResolveRequiredComponents (6ms)
	FinalizeReload (984ms)
		ReleaseScriptCaches (0ms)
		RebuildScriptCaches (0ms)
		SetupLoadedEditorAssemblies (347ms)
			LogAssemblyErrors (0ms)
			InitializePlatformSupportModulesInManaged (6ms)
			SetLoadedEditorAssemblies (8ms)
			RefreshPlugins (0ms)
			BeforeProcessingInitializeOnLoad (56ms)
			ProcessInitializeOnLoadAttributes (254ms)
			ProcessInitializeOnLoadMethodAttributes (17ms)
			AfterProcessingInitializeOnLoad (5ms)
			EditorAssembliesLoaded (0ms)
		ExecutionOrderSort2 (0ms)
		AwakeInstancesAfterBackupRestoration (9ms)
Refreshing native plugins compatible for Editor in 4.59 ms, found 4 plugins.
Preloading 0 native plugins for Editor in 0.00 ms.
Unloading 3553 Unused Serialized files (Serialized files now loaded: 0)
Unloading 17 unused Assets / (30.0 KB). Loaded Objects now: 4051.
Memory consumption went from 129.0 MB to 129.0 MB.
Total: 3.047700 ms (FindLiveObjects: 0.254000 ms CreateObjectMapping: 0.087800 ms MarkObjects: 2.668500 ms  DeleteObjects: 0.036600 ms)

Prepare: number of updated asset objects reloaded= 0
AssetImportParameters requested are different than current active one (requested -> active):
  custom:scripting/monoscript/fileName/IncomingChangesTab.cs: 8a20aca125f6d4b837670edb6e36bc05 -> 82bff1d960538992d4e618d909869d2e
  custom:scripting/monoscript/fileName/DiffSelection.cs: 34faf7c86f7e0c9a01162e930679d82f -> 1460aaba4240ef35322cb9c198487990
  custom:scripting/monoscript/fileName/MoveDeleteMenu.cs: f1a7b8a8be76c035d934c51863f3b934 -> c4ad4528e772c33a6167006886a8d1da
  custom:scripting/monoscript/fileName/DateFilter.cs: de3aab0283a2b4a1d4d64145b14132d5 -> 3a6cb8c2e3ffbb5a9052e322ee5bf411
  custom:scripting/monoscript/fileName/PerformInitialCheckin.cs: be22d181e456c0a8a5713675f29ac72a -> 8ef9a9f407b8b94b2b5fad9d24e61f79
  custom:scripting/monoscript/fileName/ConflictResolutionState.cs: d9394655856a9fc1a0b280bc997bac16 -> 74a230000ff2fd58c5a60ab4258207dc
  custom:scripting/monoscript/fileName/FindWorkspace.cs: 39bbd18bfe6bf4a99f5c185dcda4dd4a -> 6af6c9e9382fef881c020ab184e6f7f5
  custom:scripting/monoscript/fileName/IncomingChangesNotifier.cs: 10fad815611441fb3a805150421ed991 -> 
  custom:container-demuxer-ogg: 62fdf1f143b41e24485cea50d1cbac27 -> 
  custom:scripting/monoscript/fileName/CheckinConflictsDialog.cs: d3af1d70d3f60a9847d2942647274222 -> e13fa04a97fb675842c94586fc602871
  custom:scripting/monoscript/fileName/AuthToken.cs: d22b2893825e943bc1389be142abd57e -> 0fba7e8eb1ec8b699f274cdc956451b2
  custom:scripting/monoscript/fileName/ProgressControlsForDialogs.cs: 6bf8e69ac7dc2163fe988e5d8181ce88 -> 7e6bd1727985204e3b64e1946e589b1c
  custom:scripting/monoscript/fileName/AssetStatusCache.cs: beede06d8a6d93e7907fd192ad653f2b -> 260d5f85663ac58b2a7e9553c453bc3e
  custom:scripting/monoscript/fileName/OrganizationPanel.cs: d7ac1288bef1b15a05bb26d201a4d87f -> 57a57e6a345dbd536e91c348b70943a9
  custom:scripting/monoscript/fileName/ChangeCategoryTreeViewItem.cs: efd70108e1f6ff61ed2723220486adfc -> fd14db176fff061715c8ec88ced1902f
  custom:scripting/monoscript/fileName/CurrentUserAdminCheckResponse.cs: cec2f173fe8732108711c497674c6f66 -> d57c2dcace740834acd59fdfbc5023b8
  custom:scripting/monoscript/fileName/UIElementsExtensions.cs: a191d7293be4538b0adb29dfe5b06a46 -> 52e0d612ab032e4d22e9558b90396b99
  custom:scripting/monoscript/fileName/CreateBranchDialog.cs: c429477092287209232592c8cde1a615 -> 9eb29fda08033b4f847247136c412db6
  custom:scripting/monoscript/fileName/Ga.cs: 9933fbcc6190e2a9171c2ec8808a053e -> 
  custom:scripting/monoscript/fileName/DrawCreateWorkspaceView.cs: 6422239d8f649480614f0dd4f018b7f2 -> c6039ac84d85ab3926aa94de163a9f7d
  custom:scripting/monoscript/fileName/ProjectPath.cs: 5634ebdbea8ca94089eb9622d1b60497 -> 2007f972d3a73eeb86dfe05e849c7f69
  custom:scripting/monoscript/fileName/SSOCredentialsDialog.cs: 8967ceae1bc195ea8dd32b23c42dd852 -> e140ede12a96f68f30062138385171c3
  custom:scripting/monoscript/fileName/DownloadPlasticExeDialog.cs: 2dd40c53d0303d041a27a44a95c331cb -> 093cfe0607c2346a88cdfdfe1435614f
  custom:video-codec-MediaFoundation-h265: 746d11721c4dcdbdad8f713fa42b33f4 -> 
  custom:scripting/monoscript/fileName/PendingChangesTab_Operations.cs: c99065f3c85ec85c85ece2a1a30665af -> 15ae6787065f4af65778e981f418a60b
  custom:scripting/monoscript/fileName/LocksListViewItem.cs: cc9cd24c5be4f7363367cba72f12aad4 -> f4a19fabbec093eb3d6a7e1cd4f42611
  custom:scripting/monoscript/fileName/PendingChangesViewPendingChangeMenu.cs: 561ad0f702e1db14300a4a5f810051f9 -> 9a6ef2277212bf26d647c7f12f946287
  custom:scripting/monoscript/fileName/SignInPanel.cs: f7e82045994d4eefe3b021faa87b55c6 -> bac0318ce35e37bed3a2cc8137452435
  custom:scripting/monoscript/fileName/DrawInspectorOperations.cs: 61c4a6a6507d8f84ef5bdf5cba3f0aee -> 8c94fe642e98309082411f46db89106b
  custom:scripting/monoscript/fileName/DrawDirectoryResolutionPanel.cs: b77d9918f02a8eac64394aaf99fa4b28 -> e4e3c9b4bc511687802b504b71016540
  custom:scripting/monoscript/fileName/CloseWindowIfOpened.cs: d820344e932a12600b5fe6fb7e9f1563 -> ce229ef3b7461ff17e2c1af0695a6657
  custom:scripting/monoscript/fileName/SaveAssets.cs: e472a52843752df7d7ad4ca6b2c8da98 -> b56abea3d51c742ac29e4aec958afad6
  custom:scripting/monoscript/fileName/MergeViewMenu.cs: 93bc40369a2f104c249cef1d685ad358 -> c1676e16bdcf215f6595ea9de7a1fc33
  custom:scripting/monoscript/fileName/RepositoriesListView.cs: 9f95c83dc460fb03fb0916472f14b8a7 -> 95287f65338ca0073ad04002a16eaaf7
  custom:scripting/monoscript/fileName/HandleMenuItem.cs: 740e54c5f6dca1acc88cad87af74b744 -> b4ad1ecc5243212c5967125ad5e41b1f
  custom:scripting/monoscript/fileName/ScreenResolution.cs: 5c975132cf4e36dcc261bd0acd604271 -> 7bb7bb5b955671820101b322f0a7bf3d
  custom:scripting/monoscript/fileName/ApplicationDataPath.cs: 8e4094e28762fb76a1baecfe90c6b65e -> 3e8c4ea8debfda8013fed860ac233d22
  custom:scripting/monoscript/fileName/MergeSelection.cs: 6deb9bc55c10a7ac7c9f905a7b92dbe8 -> 630eecd27cae3311e65e09d9c63da8b7
  custom:video-decoder-ogg-theora: a1e56fd34408186e4bbccfd4996cb3dc -> 
  custom:scripting/monoscript/fileName/RepaintInspector.cs: f134606300316994850c28a68d0cb5a3 -> 
  custom:scripting/monoscript/fileName/LockStatusCache.cs: 5e3725e03dc21c716034553589a67eae -> e99b3f34c5cd3eb73ec19439af1f7f80
  custom:scripting/monoscript/fileName/DiffTreeView.cs: 68195907d129ef826aa6b6df7202696d -> 49f46fd2a65ea674a218eead75f27aac
  custom:scripting/monoscript/fileName/DependenciesDialog.cs: 82d30fc8d5e1a73ec0d1ee9acc00fbc2 -> c8902186ab2f4e6471b5dd147afb01b6
  custom:scripting/monoscript/fileName/ChangesetListViewItem.cs: 95a197949f1e777703db60eea8cc21b3 -> d742a4910e302777daa1ccb9c8e92cb9
  custom:scripting/monoscript/fileName/LocksViewMenu.cs: fda08381fa9abca53b6eaf3bf55f14f8 -> 186d8514e824865b191ba1829afe4b33
  custom:scripting/monoscript/fileName/IncomingChangesViewMenu.cs: 5f96afa82d3e2a8078206b7f6d3b0752 -> 13196979a03411533716f6775c9a624b
  custom:scripting/monoscript/fileName/QueryVisualElementsExtensions.cs: 75ea535788abf9c38ba9341c984a6241 -> a49740b6efbb934f55475cc70b864a4c
  custom:scripting/monoscript/fileName/DivergentMoveMenu.cs: 5b146ed65a6a030ab7d86a0d711244f7 -> 98d76b5791494212a0c25aa6a4af7288
  custom:scripting/monoscript/fileName/WriteLogConfiguration.cs: 1a8401f47b522f631a3dc005105719f5 -> 1589212d1638ae91a029ea3ddf9999f2
  custom:scripting/monoscript/fileName/DrawTextBlockWithEndLink.cs: 1cc3e67c46bd397f9508f124a3366994 -> 
  custom:scripting/monoscript/fileName/FileSystemOperation.cs: c31a686e69e66801c204a11be56c950a -> f0ccbe91654279794a85bf6f1c034716
  custom:scripting/monoscript/fileName/MigrateCollabProject.cs: af93695e471d9c8e4ad014c4165f2c3c -> 9f3487f03a783b35518405572f20ac9e
  custom:framework-win-MediaFoundation: 216162199b28c13a410421893ffa2e32 -> 
  custom:scripting/monoscript/fileName/ProgressControlsForViews.cs: 7d677c6df38ab15cf390062b5b0bb854 -> a8a18a90f46aa63848e1e45d8d7ff9af
  custom:scripting/monoscript/fileName/DrawAssetOverlay.cs: 04a46044def089f0abcdafdd281e3646 -> 
  custom:scripting/monoscript/fileName/NewBehaviourScript.cs: b21687ddb03d73bd9f0c1daecb9714de -> 
  custom:scripting/monoscript/fileName/ProjectWindow.cs: c62567a3d71fd74636bc783de5162474 -> 
  custom:scripting/monoscript/fileName/MergeLinksListView.cs: 826afb5fb5988163105086b4bf5027af -> c9488671ae9b14523680d0c19097baa0
  custom:scripting/monoscript/fileName/UnityCloudProjectLinkMonitor.cs: a6d5b729fcd63f578363f7929a986e8b -> 86b74508945daf368996ea82904ac8da
  custom:scripting/monoscript/fileName/EditorProgressBar.cs: 7418be9b22aaea32732f8a5f49569d1c -> 08c2f2b90ef64df631d46389f0e22c8e
  custom:scripting/monoscript/fileName/MeasureMaxWidth.cs: cd9322680ae61d38397008451b7ed0ed -> 1569e3f1dad91a9b01cba66ab6aa30b0
  custom:scripting/monoscript/fileName/ChangesetsListHeaderState.cs: 69fc4f1a2bc3782d7043ec48961a3616 -> fe1392f9b135da83e13fe8a5e5f39fc2
  custom:scripting/monoscript/fileName/PendingChangesTreeHeaderState.cs: 7d278b5569d28437d07554a3bbb56e1b -> 5d7f70d142c9ac67864ec14950523d62
  custom:scripting/monoscript/fileName/ChangelistMenu.cs: ca33bac56b3a337faa90a1b1bba632d6 -> c1bf5aeb760cc5eae584ea3944d6531b
  custom:scripting/monoscript/fileName/MissingEncryptionPasswordPromptHandler.cs: 7f5831fc8a41e9cadd84fcfd0e885072 -> 5d7b9646eb14a39b6d3d5bab19d266ff
  custom:scripting/monoscript/fileName/NotificationBar.cs: d1a4cf5e8103d80fd25347275f906aa8 -> 50f1a85fa18d94338418def78dcd8543
  custom:scripting/monoscript/fileName/UnityThreadWaiter.cs: dbd556f2802baab90a20da38c288d36c -> 99333406d92d10003984b4d1920de2f9
  custom:scripting/monoscript/fileName/CredentialsDialog.cs: 179b5e49656a1623c2e79d838f0f5876 -> c785d5e40f8d66b7ef7ba04ee7c324e0
  custom:scripting/monoscript/fileName/GetRestorePathDialog.cs: e21eb9983f0b989125951478cd5e9b35 -> 353d1126ca2d2063d5bdbd06806ffc08
  custom:scripting/monoscript/fileName/UpdateReportListHeaderState.cs: 64a5bf775d221ad9a5ff8c78a1e0e1fa -> d6cbe54be2898ed2c96c2e79572c2e08
  custom:scripting/monoscript/fileName/LocksListView.cs: 8c6202774eebcf67be9c3b5a2926cc7c -> 7aa51ff93bcc98aa05dec8b46ec200c4
  custom:scripting/monoscript/fileName/DownloadAndInstallOperation.cs: b043b8d5921892e87f4566e00162cff6 -> 4f4065aeafda2af0ec272a3c228e27b2
  custom:scripting/monoscript/fileName/DiffTreeViewMenu.cs: 3e62bfc69ca7486976988e151b88922e -> 8039fc4ecf68b3e966e1f4822789e7fa
  custom:scripting/monoscript/fileName/UnityStyles.cs: 1a176026ce9da8057f3ec90dfe0bac74 -> bbbba3cda37678cfc74d71ffebf36e7f
  custom:scripting/monoscript/fileName/HistoryTab.cs: 4d086984813cd90d6be245dd8e03a2ba -> d57f000c65fde42a2228c7a105a836e5
  custom:scripting/monoscript/fileName/HistorySelection.cs: 7c3afcf345a55e8b77ea41ca0f570218 -> 3d07a3d1241e204b5420d71f1137eba4
  custom:scripting/monoscript/fileName/CreateWorkspace.cs: 7b3086384e5ddcd73cd5064a3ce31cd2 -> 5256205b5cf0570b6f698c7abe518f5a
  custom:scripting/monoscript/fileName/ShowWindow.cs: c731454122754eec192bc3c53fac3d95 -> a6bb1d20733c178256b38974418d7450
  custom:scripting/monoscript/fileName/LocksListHeaderState.cs: b80c5f044f18764adef2e9dbea5f0fb1 -> c7fe4d3b5f954615048f8e79925d29e3
  custom:scripting/monoscript/fileName/CreateRepositoryDialog.cs: 1e1c5399cf3d0b071c7982c565a710ce -> 5cec3e66b09e0dbe1f805953c5c64af9
  custom:scripting/monoscript/fileName/RenameBranchDialog.cs: a3111a345c6451ee64cd16f1989c2313 -> e5c89c05c87517babb3730e87196a494
  custom:scripting/monoscript/fileName/EncryptionConfigurationDialog.cs: 6423045767c07e6360ff314ec741c601 -> 19e9c54aff6ffc68d60fe11f80578947
  custom:scripting/monoscript/fileName/CheckinProgress.cs: 298ac58365579798eb3b4defc181ccaf -> 75b93dbc5ef307111f0647f735640420
  custom:scripting/monoscript/fileName/AssetCopyPathOperation.cs: 571ede78b6298606a236918df9df62d5 -> 633a9d130b72ba594756844b628f0ae2
  custom:scripting/monoscript/fileName/PendingChangesSelection.cs: 766664749a54eea9ecce5dff917430ef -> 1721ad72d074757364587c71b49d9382
  custom:scripting/monoscript/fileName/LoadAsset.cs: 9042eb334fc462cf466672445be1d4c2 -> 5e4e082aa5b21c13b80eb237fe94d00b
  custom:scripting/monoscript/fileName/Images.cs: 0b0c14141950fed99e3ef33199b3b4c9 -> fbdd1e600315d249327f3effde045c9d
  custom:scripting/monoscript/fileName/DrawLocksListViewItem.cs: ce3a3d64ec2d84c3556ffd4141efc4f7 -> 6201c4d50383e970d554210505562d37
  custom:scripting/monoscript/fileName/DrawProgressForOperations.cs: ea9179848be98ee7719316b39339ef29 -> b544f18e6532ba53bbd1b691fa5cd571
  custom:scripting/monoscript/fileName/ViewSwitcher.cs: 4df4bf16a6790d08087362d43c346234 -> dd1f6d6bc6ad5beda69b13cdb560799f
  custom:scripting/monoscript/fileName/RepositoryListViewItem.cs: 2f16ba7694ec7934685021093e722c4e -> 3cabcd81911a2500dcd9e2b6ffae3f00
  custom:scripting/monoscript/fileName/InspectorAssetSelection.cs: 71ba78e42827a9b22a9a6016733d756f -> 4b3c1ae4c44d88205aef26229acfe022
  custom:scripting/monoscript/fileName/UVCPackageVersion.cs: c4d95cb84d9d8dff4727eba6b0a64378 -> 
  custom:scripting/monoscript/fileName/IncomingChangesTreeHeaderState.cs: f578f4545f0afb1f0a2de9a25e26e33b -> 9fcb97ef2da44c66332f5c6800c2e6ed
  custom:scripting/monoscript/fileName/WorkspaceOperationsMonitor.cs: 5f05751fd4d94e02e79a5bf200f98f9a -> 43dcc435c252a54bdaaf4d6588b7d66e
  custom:CustomObjectIndexerAttribute: 9a22284fe3817be447336de3de66b15e -> 
  custom:scripting/monoscript/fileName/MacOSConfigWorkaround.cs: 8634a542fc5c45ea8cd9a8244bf2c871 -> 9fe61e763da506601651f6c451cecb0a
  custom:scripting/monoscript/fileName/IncomingChangesSelection.cs: a96a5a084d59fe3917a3831b68fa9479 -> d86f9f4463e6f9d99bb815e1f018ccf1
  custom:scripting/monoscript/fileName/AddMoveMenu.cs: 07e842d83dd343358454fef0a7927a0d -> e681c3341f01390e9c1d636ae93280df
  custom:scripting/monoscript/fileName/PlasticProjectSettingsProvider.cs: 49dc3835a349b3282b9803f48edc8e50 -> 8c4ae1aeb34c51d2a5a8924265075ff2
  custom:scripting/monoscript/fileName/AssetMenuItems.cs: 9ce81cedb8e568c6b7b646aa6263645b -> 
  custom:scripting/monoscript/fileName/ToolConstants.cs: a088b027c7b0922429c756f12b0507ea -> 3b0d2490617bc7f94a0bdab65a399e1d
  custom:scripting/monoscript/fileName/MergeTab.cs: f39dce5bbfdc053d284a55fc102a8be9 -> f0a9f00e065364eb63b070091ade67f8
  custom:scripting/monoscript/fileName/GetSelectedPaths.cs: 02423a81496d6c63598b5cdc203f4354 -> be35dd49dddd53fc840b9febf21b4d0d
  custom:scripting/monoscript/fileName/TokenExchangeResponse.cs: 0dd9138dbeab6f132711a5b608de5c13 -> f20183d4cf939766d3c1e15cc3bec2e3
  custom:scripting/monoscript/fileName/ChangesetsTab_Operations.cs: eca44847b108faefa69f8c525242c965 -> 3290c4c0cd248666e01a08ee6d621249
  custom:scripting/monoscript/fileName/OverlayRect.cs: 59d6887e4803f8a44ffaa0409470e410 -> 
  custom:scripting/monoscript/fileName/ConfigurePartialWorkspace.cs: 309d4276b0164b05348aedbd51cc0b2f -> 10fcc6b6d43dd5ed36c43c6f7b5906c4
  custom:scripting/monoscript/fileName/ValidRepositoryName.cs: 43c262be3f66a970816e3d3a3ee8872a -> 56bcf92a3678f6ad6215cae2e4914cfd
  custom:container-demuxer-webm: 4f35f7cbe854078d1ac9338744f61a02 -> 
  custom:scripting/monoscript/fileName/GetPlasticShortcut.cs: 2a84c035152261f00e7e66eb44cd0ffa -> 5c2b7bf07ddd2284efc64b09ef0f1f72
  custom:scripting/monoscript/fileName/GuiEnabled.cs: 1b1658fd7715b5cc664c10a130c6b629 -> 7bb13fcc8d8cbd392e00f7232841f086
  custom:scripting/monoscript/fileName/BuildPathDictionary.cs: 943911b84162d26cea47f964f9a0a399 -> 9fabc7cc73fcfc50b8a3307c6aa6ec4d
  custom:scripting/monoscript/fileName/FindEditorWindow.cs: 2bb64182aef631315344623cf583c78a -> 8c3c78bb7e82ac5008f8a2b8a0d68cff
  custom:scripting/monoscript/fileName/DrawProgressForViews.cs: c153245b67af73b7ee03f693a1127796 -> 068a172cb549ad77d9873d721698bd0d
  custom:scripting/monoscript/fileName/UpdateReportDialog.cs: 706e7e86547c339cdb3a4462e3f7a54d -> 087837d8f73228f1a817d0de82c77260
  custom:scripting/monoscript/fileName/UnityMergeTree.cs: f81f2d7551ab855fe9dc724f3f2e2892 -> 59edaa0a4669bbcb540a261166adc144
  custom:scripting/monoscript/fileName/CycleMoveMenu.cs: 91c21a0be9b3727d7673f94321029c52 -> b3993a7306fc941f55ca963833965729
  custom:scripting/monoscript/fileName/HistoryListView.cs: 527da2d093462f1c4a278d6957e7d5ac -> 7b2d1d2c12ab43d9d244e35197127919
  custom:scripting/monoscript/fileName/ChangeTreeViewItem.cs: 506ed128854137d9f75f9e3d2576a06b -> b0a38ce0a620643c776a3db4fd91bc4c
  custom:scripting/monoscript/fileName/BringWindowToFront.cs: 88b20f2a2881db6a013f54923d68cdee -> a30c7c1ba746c6d277a5aedd3057d15e
  custom:scripting/monoscript/fileName/LaunchCheckinConflictsDialog.cs: 4417eba1591eccb2221bfdce0106c1e0 -> e2c1e3f8f4e14a62e4363fe6259adbc2
  custom:scripting/monoscript/fileName/ParseArguments.cs: 03c1a4d7e357164ca313a0019713c3db -> ae915d9f5fe287ced40627c9ca8bfafd
  custom:scripting/monoscript/fileName/ExternalLink.cs: 685ff1dd6f55eb61a1fd8af84a2aa7f5 -> a8ff952d8c27d10f226ab92b7aa83b69
  custom:scripting/monoscript/fileName/WaitingSignInPanel.cs: 247680fcfc6a176b9fa28a3df600a754 -> 7585e1c7111b6b900784e6d1c9454258
  custom:scripting/monoscript/fileName/OperationProgressData.cs: 0db72349eeecbe9449a517b1d79cc760 -> 15f68712baaea535af36d9e0333c0a6e
  custom:scripting/monoscript/fileName/RepositoriesListHeaderState.cs: c0353a1af15ae4fd3d5a2a3cac816423 -> fb71b961ab7c924511a6b0e8680b60ee
  custom:scripting/monoscript/fileName/ClientDiffTreeViewItem.cs: 56be9d3aa410e770e75de2d8b93be89d -> 43bdd7aa5bf1aa039a5b572c119c38d0
  custom:scripting/monoscript/fileName/CreateWorkspaceView.cs: c40bc4c8524ef3e2374ef997beb2e4a6 -> 9ae2295080d141c0f12d02a71014e11c
  custom:scripting/monoscript/fileName/CommandLineArguments.cs: 0d20ca25f94249586a7c1484c469d8a2 -> 48a62ad3f817c0269ea7fc4a53799594
  custom:scripting/monoscript/fileName/DownloadRepository.cs: 46fc68d9cc4da8e8ed765ff28b2dd438 -> 5bad8d3f76a3fcb41a94637e37c11ab0
  custom:scripting/monoscript/fileName/ParentWindow.cs: 2476d8a6ba9c3055f984ac9792cae61a -> d6aa079e592e01701c5baa3ab98898bc
  custom:scripting/monoscript/fileName/OperationParams.cs: 091a140b35535b91c773ddf98925322d -> 3312c7a4424a66ffbf2f88f056f329aa
  custom:scripting/monoscript/fileName/SignInWithEmailPanel.cs: a5823728eb62cf6dbd8c933c1cb26f53 -> 6e8957c0ed7609303e68389067e72d72
  custom:scripting/monoscript/fileName/LaunchInstaller.cs: f9b7c99441bc32980ce9b95be066824b -> b75efdf5909b501e06cacd9c66f75981
  custom:scripting/monoscript/fileName/GetWindowIfOpened.cs: 84a2356c61155912908cf98a62600c22 -> fd8bfd1a9b371371ebbff48e377726f9
  custom:scripting/monoscript/fileName/AvatarImages.cs: ea6dca998cf0ec5122553a9e010ef687 -> 3aa8c25a350843151ec4070c820c411a
  custom:scripting/monoscript/fileName/DrawUserIcon.cs: 2f65feb9bed897237f97fbf9c5479092 -> 7d5385bf780ae84e648a8b49f8fe0825
  custom:scripting/monoscript/fileName/AssetStatus.cs: b9ea657347f2c22e8e401cdb256c516c -> e017010009bdb28bcb0d7d8ef05e7dd9
  custom:scripting/monoscript/fileName/BranchesListView.cs: 334a3fb302f855f71fb71520fb442a71 -> 3f5ed9fe5a1bca512014ae1600ee1666
  custom:scripting/monoscript/fileName/DrawGuiModeSwitcher.cs: 363adc150c5f1c5059a678f179906090 -> d3be34a3134d3fe80ef6b14d0d519128
  custom:scripting/monoscript/fileName/UnityMenuItem.cs: 5f445176ad3735e69769d93250663be7 -> 73f3c859f1b5092ad362c09e23b3a922
  custom:scripting/monoscript/fileName/WebRestApiClient.cs: 8ab6ae74a3793a3375cc48f328048a82 -> 746756fd499dddd02a4e7ccdbac48be3
  custom:scripting/monoscript/fileName/PendingChangesOptionsFoldout.cs: 1ad411e4720a65e6d5ed1fc883c5ffc8 -> f9e651bcc5d4441496c88ab59a32f360
  custom:scripting/monoscript/fileName/IncomingChangesTreeView.cs: d8c19bc81b07c04d7721396d2821d297 -> 96479648d4498738733254eb4e4c6fb5
  custom:scripting/monoscript/fileName/GenericProgress.cs: 11287c7d038c487f32d0c8edc476a32d -> 8492ec26f01fc248d3eb3c2f5b3b6c0f
  custom:scripting/monoscript/fileName/MergeCategoryTreeViewItem.cs: c1ecd9dc0cd73eb7eb129994dedc1a91 -> 6bd59fcbfeafe06987a54631991d755b
  custom:scripting/monoscript/fileName/CheckinDialog.cs: 1709b78fae1329cc05fd4f39334b25f5 -> 702fdb8d0a3b4bfcb9ba109e71325cad
  custom:scripting/monoscript/fileName/ProcessCommand.cs: 2cc3b6e2a763c7f353b474b6904b45a6 -> 
  custom:scripting/monoscript/fileName/SortOrderComparer.cs: 8f6297df34271fdb1ce2d9607ec6261d -> 90647cc400823b41df847a6cbfc29026
  custom:scripting/monoscript/fileName/GUIActionRunner.cs: 69af7de0762ed6d085feb4cc4b5101b3 -> 4a0608de635b0d82868d57923d68eff7
  custom:scripting/monoscript/fileName/PlasticMenuItem.cs: 30c3a785b4c2607e2ae9aad693d5f604 -> 
  custom:scripting/monoscript/fileName/PendingChangesTreeView.cs: f3722f38014385705913f17dbe0f90c1 -> 17142d220a0a50a3f3d184c4718a0da7
  custom:scripting/monoscript/fileName/VCSPlugin.cs: 69c1b7249af35f35848ae707bd5e7113 -> 
  custom:scripting/monoscript/fileName/GetClientDiffInfos.cs: 4ae14b15e2cf5177a84735548a44cdc9 -> f8db8e637ded2d5e935a953a13b85ebe
  custom:scripting/monoscript/fileName/DrawActionButtonWithMenu.cs: d7f31944358aed2f3ed3982246fca039 -> 8d4f5edd02a1dd0f38c4f2baf5ee8a33
  custom:scripting/monoscript/fileName/ErrorListViewItem.cs: a9f229dd6829be37e3d3d11493cd30e3 -> 509edc26860f8be303ec97d68aabc30d
  custom:container-muxer-webm: aa71ff27fc2769a1b78a27578f13a17b -> 
  custom:scripting/monoscript/fileName/EditorProgressControls.cs: b1f133fa38afd918d537a72574fc93a0 -> 2e606eb01a6e6a567f3de9a0379ed3ae
  custom:scripting/monoscript/fileName/BranchesListHeaderState.cs: d47f1164fa7093137db851c4c16ffba3 -> 82eab21603f4efc696334ee80641c2c9
  custom:scripting/monoscript/fileName/DrawSearchField.cs: b11b864a92c7d76f85d4ec87d6faf61c -> 3de70beba9f4447205d50241d95b066a
  custom:scripting/monoscript/fileName/PendingChangesTab.cs: c99065f3c85ec85c85ece2a1a30665af -> 15ae6787065f4af65778e981f418a60b
  custom:scripting/monoscript/fileName/MergeTreeHeaderState.cs: d266e9dd03ced7ec66ad3688e5f18f26 -> 6293ca7f65e9641fcbe12100e705a990
  custom:scripting/monoscript/fileName/BuildGetEventExtraInfoFunction.cs: 1308a6936e8051866a117b3b7c2c7b77 -> 74bfc8c01f931108a3c2b127aa04cc8d
  custom:video-decoder-webm-vp8: 9c59270c3fd7afecdb556c50c9e8de78 -> 
  custom:scripting/monoscript/fileName/WelcomeView.cs: 07e35bfe1faa2c52c049eb30958acd54 -> f06c185659ea2f4a75f9397861dc6096
  custom:scripting/monoscript/fileName/DeleteMoveMenu.cs: 39c593e854a9a8ae0e6d34ceb587fce1 -> 4d026cbabd8105e38661f97da078042a
  custom:scripting/monoscript/fileName/PlasticApp.cs: c440a0fb380601a77ad475d6c15d4fa1 -> c57de230d90beac7b586f10b9c7c6cb5
  custom:scripting/monoscript/fileName/ChangesetsTab.cs: ef408d8aaf89e01b17643ed0c836680d -> 46dde8f7856048792ad2e75490bb8c5e
  custom:scripting/monoscript/fileName/DeleteBranchDialog.cs: efbbc070bfeda2b746e8b15a4380cb26 -> 8549b0fc52962c89115fd78724fee578
  custom:scripting/monoscript/fileName/IncomingChangesNotification.cs: 5d73d1f1a99af71ddd954044bdf322d2 -> caa8ea2c7336b9227381f0971759e01a
  custom:scripting/monoscript/fileName/DrawTreeViewEmptyState.cs: d4c16fd6aad8161eda7d99fd74cbb08e -> 
  custom:scripting/monoscript/fileName/ErrorsListView.cs: 7cfd18bb17e557401eb4aa1ca93dbfd5 -> cd35171982f17897dd5148dda46e0956
  custom:scripting/monoscript/fileName/UnityPendingChangesTree.cs: fd6f0a038401268983bd9328d10dec93 -> f391d9a00dc9e202cee4d4ebcf6d21c0
  custom:scripting/monoscript/fileName/ClientConfiguration.cs: 5f5e47bfb7cedc7420d7e59c6d7ae6f0 -> 01b18b09a6dbb3756e1f42a5b64aab0f
  custom:scripting/monoscript/fileName/AssetVcsOperations.cs: 50ee89e011ba3d800b4e7a9a24aca7e1 -> 
  custom:scripting/monoscript/fileName/EmptyCheckinMessageDialog.cs: e95636a2119dec4d0c1f323f7ba65603 -> 
  custom:scripting/monoscript/fileName/PlasticDialog.cs: b0aae1bf1889af041741f324070b7b84 -> 63a17a2b696bc2a13c9046aa16f8cea4
  custom:SearchIndexIgnoredProperties: e643bd26f0fe6173181afceb89e7c659 -> 
  custom:scripting/monoscript/fileName/AutoRefresh.cs: 9d30d5d3f0e8985355be1ab597da1dbb -> 0a8afde180a876655ad16caa14493409
  custom:scripting/monoscript/fileName/PlasticPluginIsEnabledPreference.cs: 7953272c37f4a828a3d1096e7479f346 -> 
  custom:scripting/monoscript/fileName/GetRelativePath.cs: 9b16eb2de9e98b392077181cc34243c1 -> ab04ae5e0cafb93ebf5c96148bb52df0
  custom:scripting/monoscript/fileName/UnityEvents.cs: 253411328de37811883aded592b97268 -> c830e584565fcd66ca0d5a23ad8b9bd6
  custom:AudioImporter_EditorPlatform: d09bf68614088b80899f8185d706f6e7 -> 
  custom:scripting/monoscript/fileName/DeleteChangeMenu.cs: 540c783b689e4d6a4a383862455d5d39 -> bfa368dc06e11abcc107d6f80c7c19c5
  custom:scripting/monoscript/fileName/DockEditorWindow.cs: 581124d5e19667105f2446d6dfbf7982 -> a9e5e467234133af999283610b6e84e6
  custom:scripting/monoscript/fileName/ProjectPackages.cs: e247c98bd45807b228765f9a94d82145 -> 9e9e13e39b2e9718b602503b87245c18
  custom:scripting/monoscript/fileName/BranchesSelection.cs: 7eb1fcb556f0fad697e4ec9d989be099 -> 33b36e7b03910960966036894ec90c7c
  custom:scripting/monoscript/fileName/SaveAction.cs: b68fbb4319dbb368959c40781b39fdf8 -> 27c387bb58f3a69b0c9ff60d2209e18f
  custom:scripting/monoscript/fileName/AutoConfig.cs: 6c4e7f9dc55323aa1299debfe9723aa6 -> bf4bbd2f2e752464ef51dbf102faed17
  custom:scripting/monoscript/fileName/DiffPanel.cs: 02288a38bd14cc2b52a25b302a6f154e -> 210366dab3631628227b9406f87a9b7f
  custom:scripting/monoscript/fileName/PlasticAssetsProcessor.cs: ff731c8aacf4a537dc74c7cf9eaeaed0 -> 
  custom:scripting/monoscript/fileName/DrawActionToolbar.cs: 52293cb82089e0370f52e257f41c0869 -> e05748a99799f26304c1bbafd90f703b
  custom:scripting/monoscript/fileName/TreeViewItemIds.cs: 7d654a2b5b3a10da3e7d8472196e96d1 -> 0cdf409b5aa8d4c25876d72b5c6a3b60
  custom:scripting/monoscript/fileName/EditorVersion.cs: 70953c9eccf7726f70c672a9a51619e9 -> 698aba075b19a52a056d67a7b809d179
  custom:scripting/monoscript/fileName/TeamEditionConfigurationWindow.cs: d06f049421c16e5927ec29f770917e09 -> e53b1ca5561894aaeff930afb696d001
  custom:scripting/monoscript/fileName/ProgressOperationHandler.cs: 5fbb4e0f656dcfaa4498bd2e492e4710 -> ec62666c0ca1649dd33cc6bc6834c6f7
  custom:scripting/monoscript/fileName/UnityPlasticTimer.cs: 961fdb6492c99b4a3eadbed28e78c4b0 -> 6c887e722e951c2964523825cad70c4c
  custom:scripting/monoscript/fileName/TreeHeaderColumns.cs: 9fc4a0396a421346b8aa3b7788860851 -> 316e5ea62e66b20fd6e687a6b9e5958e
  custom:scripting/monoscript/fileName/MergeOptionsDialog.cs: 25ac62df73845405e13f44e4dfdcf0d1 -> 9250ce23d260ab84f87bd5899c6cf983
  custom:scripting/monoscript/fileName/AssetFilesFilterPatternsMenuBuilder.cs: 8fe5de6e5dc3d42fb7e95de2aaedbf5a -> 0d99e7514c6a33cda8314deed8f34bc5
  custom:scripting/monoscript/fileName/MergeTreeView.cs: 143a828a1a236483d3cdc1d010ce9d51 -> 3feb38cec50d3fc7576ddbf07a9a9ce8
  custom:scripting/monoscript/fileName/PlasticNotification.cs: 3629fdff9f054b2013702f5b131b2c47 -> 
  custom:scripting/monoscript/fileName/ConfirmContinueWithPendingChangesDialog.cs: c0e147ff008a0b77c9337132a3ea70af -> 77462b1904ad8f6fee2f8da4523d59fe
  custom:scripting/monoscript/fileName/ChangelistTreeViewItem.cs: a4a6f6169cdb3afe249e104e2b7b1a2c -> 87f69636be8bd1a264ec4eac1bffa701
  custom:scripting/monoscript/fileName/CollabPlugin.cs: bda741ff77a19affbf276298e29313ec -> ca276d65e7cd77c5c99d9f119ffdb215
  custom:scripting/monoscript/fileName/TabButton.cs: 757146b89ed597b1d75c77241e5d5f63 -> 
  custom:scripting/monoscript/fileName/LaunchTool.cs: 3ac53c8af1f56365aad9e1ae5366d98d -> 60773d78646dc188d4b2caca77f20b17
  custom:scripting/monoscript/fileName/RunModal.cs: 33b931100ee477e6812324eabaa2e837 -> c83ee2ef642c5d8b8dfd32f033bfc438
  custom:scripting/monoscript/fileName/BranchListViewItem.cs: 8fdaa5aa842f5a70237affa304b9d506 -> 55028f4aef24d6227589aaa95582b2ff
  custom:scripting/monoscript/fileName/GetAvatar.cs: 07c98163f75f0b7c672bd453fc82bf61 -> 04ffae2a9e5a4c32a119f93144f558d2
  custom:scripting/monoscript/fileName/MoveAddMenu.cs: 81d47caeb9f49803adfe1627c8ce5bf4 -> 1fbfab870b2e95fdd8a81f6019f764df
  custom:scripting/monoscript/fileName/FindTool.cs: fc3b0710b24078288fe829d0bb041dd0 -> 2f9d82566cfb01fb68fc30111fb47624
  custom:scripting/monoscript/fileName/ChannelCertificateUiImpl.cs: 75d7831ab5da75cc0082e28863abb142 -> cefccf1e13b7bcf15e3c9f2dd4cd2fc8
  custom:scripting/monoscript/fileName/ApplyCircleMask.cs: 02eb67e485278e7c9b719fee5ff90f4a -> b955b378d261fdcbd6272fe8711d1e4f
  custom:scripting/monoscript/fileName/AssetMenuOperations.cs: 131bfc7279b97eba576abe13a47f8f91 -> ebcce67603e288b4a84d49287db6ef5a
  custom:scripting/monoscript/fileName/VisualElementExtensions.cs: cd98f4a51563fccdfc39eed097290325 -> 0aad2728225c469038631668406aebb3
  custom:scripting/monoscript/fileName/LocksSelector.cs: 70b046a562568fd78d093736e68a3a58 -> 7b0f4fc5552c1d92ba7f4648526ceb21
  custom:scripting/monoscript/fileName/ListViewItemIds.cs: 8f6297df34271fdb1ce2d9607ec6261d -> 90647cc400823b41df847a6cbfc29026
  custom:scripting/monoscript/fileName/CreateWorkspaceViewState.cs: 1deb37b3c17c224d9a7dca9c990ea191 -> 0fe23b7cca9336b31a27790c714de652
  custom:scripting/monoscript/fileName/MergeLinkListViewItem.cs: ebc1e6f9e3a3005d8f4c51a794adfdaa -> 3fa407d29597803190dd374d88ed170d
  custom:scripting/monoscript/fileName/DrawCommentTextArea.cs: ad5449f632fd412ac0f7ba0d171fd453 -> c58c26552f95f108a8d9610eaf001fbc
  custom:scripting/monoscript/fileName/ErrorsListHeaderState.cs: f366e16fac061f262479ccab9ff07a93 -> b961336a4a43551eb826f97c57673007
  custom:scripting/monoscript/fileName/MergeViewDirectoryConflictMenu.cs: d45972e8b5f74223c607a4daa895ff3d -> fad8e1937fc14fd75ca21a68ee1037b8
  custom:scripting/monoscript/fileName/RefreshAsset.cs: 4479d2949a66a97f66d1e550067f3767 -> 5a15c606785f1f54a697bb0d0d846dfb
  custom:scripting/monoscript/fileName/BoolSetting.cs: d67f952c3a5976591f3e9a9e7356bbab -> 12bf039ccd38b0f4ccfffbec3cbbf108
  custom:scripting/monoscript/fileName/CreateChangelistDialog.cs: 774371d4233cc1d394d98dc80507a1f8 -> 386b03e27c951c5f1d63daf7aae486ca
  custom:scripting/monoscript/fileName/HistoryListViewMenu.cs: 15a489e494f04a7ea37a587c7601070e -> 29770348599c8d5473b78d72e5741b40
  custom:scripting/monoscript/fileName/MergeViewFileConflictMenu.cs: d7362b83d6b320a0f0ceaf99dbe21727 -> 8fc0f292158abfa71c2c7b3b6f38d32a
  custom:scripting/monoscript/fileName/FilterRulesConfirmationDialog.cs: 5186d89f21d03764f0cca01c2a0122d7 -> 9c91c6c91f20e6d013a753f32343b327
  custom:scripting/monoscript/fileName/ChangesetsSelection.cs: d154d1782ed752b83834c54a0bde3df9 -> 8b9d539af9f7e269bac4e3d79e9ffab8
  custom:scripting/monoscript/fileName/AssetPostprocessor.cs: 96208057b904410715a8df295ba4f8f4 -> 
  custom:scripting/monoscript/fileName/IsResolved.cs: 67a72533af97b9ab7830798057ab806c -> f54a3e2c5134aa4306f9ad150b1911a9
  custom:scripting/monoscript/fileName/LocalStatusCache.cs: a558fcf5f34357bab4cfc7b75e2bb356 -> 30974ea30517fbfd1b93153f6c849a76
  custom:scripting/monoscript/fileName/RepositoryExplorerDialog.cs: 143e7416b576681e1f2ea71288e530e6 -> eea34924da79ad7254f3e141a891c78d
  custom:scripting/monoscript/fileName/WorkspaceWindow.cs: ff52e13cd29dacd66db0169e14f71a23 -> b042f06133312d3bfed176231d97d77c
  custom:scripting/monoscript/fileName/BranchesTab_Operations.cs: 764cb17e9337c58ad4f5304b60b2042e -> 57c33f76c527a5aba4d269245ffff188
  custom:scripting/monoscript/fileName/PlasticShutdown.cs: a8df8eeeed98372d06e446171a192a6d -> 
  custom:scripting/monoscript/fileName/FilesFilterPatternsMenuBuilder.cs: 28072cd275c96994687e6d4d0d6e1dff -> cf716a8d336c8113475a9ca67a799ec1
  custom:scripting/monoscript/fileName/HistoryListViewItem.cs: 2d3b1fc954b6bdbae298ec250ade0663 -> 96f2b67ec620b83e35d13f11877e1ac1
  custom:scripting/monoscript/fileName/RemoteStatusCache.cs: 00463e6b90cfe7da080d7c266f783980 -> 402d5663f3675e9324c129274b0c00f2
  custom:scripting/monoscript/fileName/EnumExtensions.cs: 24df84756ec75feecd53a80a0991ea16 -> 872fcb89b813d64606e680211dede528
  custom:scripting/monoscript/fileName/EditorWindowFocus.cs: 1012e4e2e29e9b29bdcc03d8b92762a8 -> f258b0cf85078a7435d001e522d5e8e3
  custom:scripting/monoscript/fileName/NewIncomingChanges.cs: fc48261878ef7e4b956e7172f5803aee -> 
  custom:video-encoder-webm-vp8: eb34c28f22e8b96e1ab97ce403110664 -> 
  custom:scripting/monoscript/fileName/UnityIncomingChangesTree.cs: f774bb8bf0bd45a254894c795843c695 -> 42967773c43d3de5d23be4ddc6dfd9c4
  custom:scripting/monoscript/fileName/UnityDiffTree.cs: 447fc3a8922f56330f4bae8c9dc9a8be -> 1029ffd567bc0e646e6b119719dcb2ff
  custom:scripting/monoscript/fileName/TreeHeaderSettings.cs: 114eb9e27124403e8e111494b8eaf987 -> 662b1714c0fce36da72bbfe60201987a
  custom:scripting/monoscript/fileName/UnityConstants.cs: 0eb92bed4b0c568cb341161b4319c2db -> e3d3c3e11a194da9e5bbbfb97087a7bd
  custom:scripting/monoscript/fileName/IsExeAvailable.cs: 3e4283303610c884e542b8f6d3e922d4 -> 4a3dbc5ded94087064afd97407f26631
  custom:scripting/monoscript/fileName/LoadedTwiceMenu.cs: 961f9b82936caa7937046ac23d323c2c -> b54aa2e14eb740621bb6f926af7cb8ef
  custom:scripting/monoscript/fileName/AutoLogin.cs: e67ed70aada38469aeb667115929c368 -> b4cb98371fc38cca00d7123b7e649e12
  custom:scripting/monoscript/fileName/DrawMergeOverview.cs: 1db93bf179b38015949e3a3cb6ef1bd3 -> 49e0e525c3c170f79c20dc6779b7ead8
  custom:audio-decoder-ogg-vorbis: bf7c407c2cedff20999df2af8eb42d56 -> 
  custom:scripting/monoscript/fileName/UpdateReportLineListViewItem.cs: a101f0ba5292fc139445870b3f4af838 -> 9f63395e1ea590dbbab4d59cd0032ac4
  custom:scripting/monoscript/fileName/DrawSplitter.cs: ec7e8739eacabcca3e2946d9833eea0f -> d2f114a8e8e4167f7762d835a83b2f55
  custom:scripting/monoscript/fileName/LaunchDependenciesDialog.cs: e1c527862a66e73f0417ae177d7fdfb5 -> 2cabf22eb95430074b6c730a84e03493
  custom:scripting/monoscript/fileName/CredentialsResponse.cs: 96b135ae1c4ea541dc762170ea524fa9 -> 3dd2507693e56dac75ee7783f598cbb9
  custom:scripting/monoscript/fileName/LaunchDiffOperations.cs: aeae601320588a70eea7590a2f7e0f69 -> 871a0804a9fe2d9f2ad088303a89a63e
  custom:scripting/monoscript/fileName/PlasticSplitterGUILayout.cs: 111849f67dfbfea65ad2a9298ad1654d -> 
  custom:scripting/monoscript/fileName/CheckinDialogOperations.cs: 0b2a2cd4c41cf1865a29cf91b2a96a48 -> d032d69e8060311c06b88286e8f22ddd
  custom:scripting/monoscript/fileName/PendingChangesViewMenu.cs: 68fab310addfd7068cfd7920070496ff -> 9b0019b6df6bb14eb3a2dbafa53fb54b
  custom:scripting/monoscript/fileName/AssetsSelection.cs: 35cec24e81f0cb1de51daeb356abc4ff -> 0227d7ff4d5687932d10967a945a9b06
  custom:scripting/monoscript/fileName/EnumPopupSetting.cs: 8f6297df34271fdb1ce2d9607ec6261d -> 90647cc400823b41df847a6cbfc29026
  custom:scripting/monoscript/fileName/PlasticConnectionMonitor.cs: 920e8e381bfc94da8bb69d336dda57ca -> 
  custom:scripting/monoscript/fileName/DiffAndMergePreferencesFoldout.cs: ca66ad883a35933771fab24b1f247ea9 -> 
  custom:scripting/monoscript/fileName/HistoryListHeaderState.cs: 6226ef13a567fa81584864f8698be331 -> a87e0364d14866c369ad50d669bdfa85
  custom:scripting/monoscript/fileName/CloudEditionWelcomeWindow.cs: c886fdb39f4b8787e6ea3701a8f88f4a -> b1721e471183956468462f6b64901640
  custom:scripting/monoscript/fileName/AssetsPath.cs: 367269acf8f676d2cdd30fdc387b3920 -> e0e986124adc46d913f0683c34b88c9f
  custom:scripting/monoscript/fileName/MetaPath.cs: 1f80313a7ce6ec6ece505285578f5745 -> 417a84eb354831f828a6752b26c8592d
  custom:scripting/monoscript/fileName/CredentialsUIImpl.cs: 90e9c2de8d7bdd8424e0d89c415108ae -> dbacf67c37819fd95562fe169e706732
  custom:scripting/monoscript/fileName/ChangesetsViewMenu.cs: b720f0168f4ce1b1e0d358a6d5ec9a42 -> 7d1a2de81910b5990e71a0bfff26fdca
  custom:scripting/monoscript/fileName/UnityPlasticGuiMessage.cs: 2a7f71f59c0d7dc731fd345a3713957c -> 24eef0792e3802809607a7f9d04b8f1d
  custom:scripting/monoscript/fileName/OrganizationCredentials.cs: ee462057b3bd23cc3dab953ac4d656e2 -> 0b123406cadd651e9adc01c85fab5124
  custom:scripting/monoscript/fileName/StatusBar.cs: 392933116703b8e69a96dc0b873bf6f1 -> 
  custom:scripting/monoscript/fileName/IsCurrent.cs: 7343ceec4312304bb8b398eeb6c375fa -> cf1fd01890d0fd9f011c1a1a491e2cf0
  custom:scripting/monoscript/fileName/ChangesetFromCollabCommitResponse.cs: b986ab8b1acd322b0367812e2d541734 -> ba336e4117e1b7ee28e4c17197bc3d0e
  custom:scripting/monoscript/fileName/MoveToChangelistMenuBuilder.cs: 3a2ef8cb0baf69e5dadeafc731fe32a9 -> a90b3e388d3e1316fa104d4c9a03e2d1
  custom:scripting/monoscript/fileName/LoadingSpinner.cs: b3299af90b664a9f42123e7df43fae24 -> 6aff0ac022d117a8e24a7b5e4b11904c
  custom:scripting/monoscript/fileName/LocksTab.cs: 134c512484ae73354c15c06a6dc69f9f -> 00ffb5a39c16fdc2d733c7e53471a3a9
  custom:scripting/monoscript/fileName/BranchesTab.cs: 764cb17e9337c58ad4f5304b60b2042e -> 57c33f76c527a5aba4d269245ffff188
  custom:scripting/monoscript/fileName/ToolConfig.cs: 18b1ea271ce5e7b6deea7b4e8e175269 -> fcffc3165b047f54ed6ccafa4c8760dd
  custom:scripting/monoscript/fileName/DropDownTextField.cs: e66e7314096900597993d2b353757d8d -> c8fc484ce140049ff31ebc2c6cbebf28
  custom:scripting/monoscript/fileName/AssetsProcessor.cs: 47679a6e15b70f4fef48eb1b2df31b19 -> 18737889e95cd4088e8dfd4153fa8f40
  custom:scripting/monoscript/fileName/DrawActionButton.cs: d847a7d82ac92cab2b3d0ae268cefb3d -> 81e6708d2b8fa199354e53f85db731a8
  custom:scripting/monoscript/fileName/TableViewOperations.cs: ddc7b903e0dbd6bd109f2bd709b95f0e -> bef3a31deb1fe794a90f767d16e4c868
  custom:scripting/monoscript/fileName/UpdateProgress.cs: 5b04f01bf199310f09ab9522f89c78f4 -> 281e1e05168d6a30be1d8d2f6200bef8
  custom:scripting/monoscript/fileName/OrganizationsInformation.cs: b3f0758c6655b2dad1161792812992fa -> 5f067ea8d90fc79055a3dcfd58ae6dca
  custom:scripting/monoscript/fileName/ChangeDeleteMenu.cs: 652dcd6f863c509bfa0376b6d95ab1ec -> 4fefe66d6e279ce0ac2fdc57d409f232
  custom:scripting/monoscript/fileName/SubscriptionDetailsResponse.cs: e10e0299ef716630c63b8cf5f792cda0 -> e5121cec860a6d1097cc809217b3d8fe
  custom:scripting/monoscript/fileName/DrawProgressForDialogs.cs: 5f8d39e3ea7c4a42148c6b1a7b4ca061 -> a5f2abd8875e7a6afbc171fabfbae81f
  custom:scripting/monoscript/fileName/ToolbarButton.cs: 47dc767626bbd94d66707af31ddc5eb6 -> 
  custom:scripting/monoscript/fileName/ProjectViewAssetSelection.cs: 349dc288d32791de51156d4e59000b7b -> 2560eadaf6a13a74a46a4a207cd5a8b6
  custom:scripting/monoscript/fileName/DrawTreeViewItem.cs: cceebc4f1185658619e40964f29acb08 -> 0921a62a588ab864253743d1f07afb5a
  custom:scripting/monoscript/fileName/DrawSceneOperations.cs: 2426c0c2ee58cd28be59874f6425940c -> d87f46f9fb97181a2f51490ea2e1efc3
  custom:audio-encoder-webm-vorbis: bf7c407c2cedff20999df2af8eb42d56 -> 
  custom:scripting/monoscript/fileName/DrawActionHelpBox.cs: dcd6ec2e7fb1b44f22c4a79ff87b70cd -> c8f6be9dab1e6f8d71e0c63c29679186
  custom:scripting/monoscript/fileName/PendingChangesMultiColumnHeader.cs: 21802cc6929e0e180fb4f0be8e34d9d0 -> 722de7d6e07a79981d750438e6febb8f
  custom:scripting/monoscript/fileName/EditorDispatcher.cs: c739e073a8c38dbcf59192f45d1004c5 -> 3c402eae57d73cc54863f3f6a13096ae
  custom:scripting/monoscript/fileName/MovedEvilTwinMenu.cs: ce111941dc7264d29598ce7fd2770927 -> d480b839850d28c1c9526cb587fc752d
  custom:scripting/monoscript/fileName/IIncomingChangesTab.cs: d4ceabdc48d8a1872bbe87f04d89a4ff -> 40644cd18074db84684b9e437bf8fa77
  custom:scripting/monoscript/fileName/GetChangesOverlayIcon.cs: f00e4b795697c6cf3092760f3b6fc49d -> d599d6efdee28305661bc0cf6683858a
  custom:scripting/monoscript/fileName/EvilTwinMenu.cs: 475a88947051822ca4915306469f9bcc -> 919e4faae0573e49949f6dfbb5a733da
  custom:scripting/monoscript/fileName/ChangesetsListView.cs: caae0aefb36c869f50691482a5cd0944 -> 87b74e0d80cf59010f55e2baaeb6679d
  custom:scripting/monoscript/fileName/UpdateReportListView.cs: 2d8fccdaad50bbd7454b52cf9cb4a0f9 -> 08d26df1ab6c3a7628addc5e54e50b08
  custom:scripting/monoscript/fileName/UnityConfigurationChecker.cs: 59a8f0715a7c89a752351bf42f94abbd -> 874cd65cce0384fef4b60e71fb08a429
  custom:scripting/precompiled-assembly-types:Assembly-CSharp: 3d128e27ce2f6bc7a8bfe73451657298 -> fc915b8c64163b6761e5351aa2c02497
  custom:scripting/monoscript/fileName/CheckWorkspaceTreeNodeStatus.cs: 5e11ff64963669981115eb58dc2b6e8b -> 1e1255b803bf7cbc935bb804bf0dbe7b
  custom:scripting/monoscript/fileName/PlasticPlugin.cs: a57c142b98ca3d4daad221737fd72924 -> c64561980f26020cc3206ae8b1047268
  custom:scripting/monoscript/fileName/SwitchModeConfirmationDialog.cs: 4d9c02587760213784bfe53d012122b4 -> 30cd71d0b3ee4b2689cde689908d301e
  custom:scripting/monoscript/fileName/PlasticWindow.cs: fc467478941f610919bc69526ba2c215 -> 
  custom:scripting/monoscript/fileName/PlasticExeLauncher.cs: caa0b5dda5df50c85bb19d27252d16b9 -> f1da27253760250030952f02cb54965a
  custom:scripting/monoscript/fileName/BranchesViewMenu.cs: 8089f11c30784e2e57775dd6cdbae898 -> 7bfc83e917c9b0b5aa423bb947ce2a38
  custom:scripting/monoscript/fileName/CooldownWindowDelayer.cs: 7816cfcad485500dbac9993c4502ea69 -> 4c95e39c8dd4cfa1bca106097fdb6524
  custom:scripting/monoscript/fileName/GetInstallerTmpFileName.cs: fa7bda723ac795b48e38504727f44981 -> d09e0b5c7a9af5874530e17ef23025f0
  custom:scripting/monoscript/fileName/AssetModificationProcessor.cs: a602c9e59e7db185e3a0d68d986e6fef -> 
  custom:scripting/monoscript/fileName/IsCollabProjectMigratedResponse.cs: 4c3294c6a51e6f42161d191230692016 -> af2b76c693935deee55cfcaed2aa7568
========================================================================
Received Import Request.
  Time since last request: 3.882667 seconds.
  path: Assets/Scripts/Ga.cs
  artifactKey: Guid(e17cded3b8c23aa409a413edd1483dc2) Importer(815301076,1909f56bfc062723c751e8b465ee728b)
Start importing Assets/Scripts/Ga.cs using Guid(e17cded3b8c23aa409a413edd1483dc2) Importer(815301076,1909f56bfc062723c751e8b465ee728b) [PhysX] Initialized MultithreadedTaskDispatcher with 32 workers.
 -> (artifact id: '5d9e2c986d10269ccb9e53f8e58de9c2') in 0.001413 seconds
Number of updated asset objects reloaded before import = 0
Number of asset objects unloaded after import = 0
========================================================================
Received Import Request.
  Time since last request: 73.556847 seconds.
  path: Assets/Scripts/GameManager.cs
  artifactKey: Guid(e17cded3b8c23aa409a413edd1483dc2) Importer(815301076,1909f56bfc062723c751e8b465ee728b)
Start importing Assets/Scripts/GameManager.cs using Guid(e17cded3b8c23aa409a413edd1483dc2) Importer(815301076,1909f56bfc062723c751e8b465ee728b) [PhysX] Initialized MultithreadedTaskDispatcher with 32 workers.
 -> (artifact id: 'a6cd41d853e47e7b4e4b6e2b63f7ff7f') in 0.000403 seconds
Number of updated asset objects reloaded before import = 0
Number of asset objects unloaded after import = 0
========================================================================
Received Prepare
Caller must complete domain reload
Begin MonoManager ReloadAssembly
- Loaded All Assemblies, in  0.257 seconds
Native extension for WindowsStandalone target not found
Mono: successfully reloaded assembly
- Finished resetting the current domain, in  0.449 seconds
Domain Reload Profiling: 705ms
	BeginReloadAssembly (86ms)
		ExecutionOrderSort (0ms)
		DisableScriptedObjects (3ms)
		BackupInstance (0ms)
		ReleaseScriptingObjects (0ms)
		CreateAndSetChildDomain (17ms)
	RebuildCommonClasses (17ms)
	RebuildNativeTypeToScriptingClass (5ms)
	initialDomainReloadingComplete (15ms)
	LoadAllAssembliesAndSetupDomain (133ms)
		LoadAssemblies (163ms)
		RebuildTransferFunctionScriptingTraits (0ms)
		AnalyzeDomain (16ms)
			TypeCache.Refresh (8ms)
				TypeCache.ScanAssembly (0ms)
			ScanForSourceGeneratedMonoScriptInfo (4ms)
			ResolveRequiredComponents (3ms)
	FinalizeReload (449ms)
		ReleaseScriptCaches (0ms)
		RebuildScriptCaches (0ms)
		SetupLoadedEditorAssemblies (210ms)
			LogAssemblyErrors (0ms)
			InitializePlatformSupportModulesInManaged (3ms)
			SetLoadedEditorAssemblies (3ms)
			RefreshPlugins (0ms)
			BeforeProcessingInitializeOnLoad (33ms)
			ProcessInitializeOnLoadAttributes (158ms)
			ProcessInitializeOnLoadMethodAttributes (11ms)
			AfterProcessingInitializeOnLoad (3ms)
			EditorAssembliesLoaded (0ms)
		ExecutionOrderSort2 (0ms)
		AwakeInstancesAfterBackupRestoration (5ms)
Refreshing native plugins compatible for Editor in 2.01 ms, found 4 plugins.
Preloading 0 native plugins for Editor in 0.00 ms.
Unloading 3553 Unused Serialized files (Serialized files now loaded: 0)
Unloading 17 unused Assets / (30.0 KB). Loaded Objects now: 4055.
Memory consumption went from 129.0 MB to 129.0 MB.
Total: 1.834500 ms (FindLiveObjects: 0.163000 ms CreateObjectMapping: 0.047700 ms MarkObjects: 1.594700 ms  DeleteObjects: 0.028300 ms)

Prepare: number of updated asset objects reloaded= 0
AssetImportParameters requested are different than current active one (requested -> active):
  custom:scripting/monoscript/fileName/IncomingChangesTab.cs: 8a20aca125f6d4b837670edb6e36bc05 -> 82bff1d960538992d4e618d909869d2e
  custom:scripting/monoscript/fileName/DiffSelection.cs: 34faf7c86f7e0c9a01162e930679d82f -> 1460aaba4240ef35322cb9c198487990
  custom:scripting/monoscript/fileName/MoveDeleteMenu.cs: f1a7b8a8be76c035d934c51863f3b934 -> c4ad4528e772c33a6167006886a8d1da
  custom:scripting/monoscript/fileName/DateFilter.cs: de3aab0283a2b4a1d4d64145b14132d5 -> 3a6cb8c2e3ffbb5a9052e322ee5bf411
  custom:scripting/monoscript/fileName/PerformInitialCheckin.cs: be22d181e456c0a8a5713675f29ac72a -> 8ef9a9f407b8b94b2b5fad9d24e61f79
  custom:scripting/monoscript/fileName/ConflictResolutionState.cs: d9394655856a9fc1a0b280bc997bac16 -> 74a230000ff2fd58c5a60ab4258207dc
  custom:scripting/monoscript/fileName/FindWorkspace.cs: 39bbd18bfe6bf4a99f5c185dcda4dd4a -> 6af6c9e9382fef881c020ab184e6f7f5
  custom:scripting/monoscript/fileName/IncomingChangesNotifier.cs: 10fad815611441fb3a805150421ed991 -> 
  custom:container-demuxer-ogg: 62fdf1f143b41e24485cea50d1cbac27 -> 
  custom:scripting/monoscript/fileName/CheckinConflictsDialog.cs: d3af1d70d3f60a9847d2942647274222 -> e13fa04a97fb675842c94586fc602871
  custom:scripting/monoscript/fileName/AuthToken.cs: d22b2893825e943bc1389be142abd57e -> 0fba7e8eb1ec8b699f274cdc956451b2
  custom:scripting/monoscript/fileName/ProgressControlsForDialogs.cs: 6bf8e69ac7dc2163fe988e5d8181ce88 -> 7e6bd1727985204e3b64e1946e589b1c
  custom:scripting/monoscript/fileName/AssetStatusCache.cs: beede06d8a6d93e7907fd192ad653f2b -> 260d5f85663ac58b2a7e9553c453bc3e
  custom:scripting/monoscript/fileName/OrganizationPanel.cs: d7ac1288bef1b15a05bb26d201a4d87f -> 57a57e6a345dbd536e91c348b70943a9
  custom:scripting/monoscript/fileName/ChangeCategoryTreeViewItem.cs: efd70108e1f6ff61ed2723220486adfc -> fd14db176fff061715c8ec88ced1902f
  custom:scripting/monoscript/fileName/CurrentUserAdminCheckResponse.cs: cec2f173fe8732108711c497674c6f66 -> d57c2dcace740834acd59fdfbc5023b8
  custom:scripting/monoscript/fileName/UIElementsExtensions.cs: a191d7293be4538b0adb29dfe5b06a46 -> 52e0d612ab032e4d22e9558b90396b99
  custom:scripting/monoscript/fileName/CreateBranchDialog.cs: c429477092287209232592c8cde1a615 -> 9eb29fda08033b4f847247136c412db6
  custom:scripting/monoscript/fileName/GameManager.cs: 9933fbcc6190e2a9171c2ec8808a053e -> 
  custom:scripting/monoscript/fileName/Ga.cs: 9933fbcc6190e2a9171c2ec8808a053e -> 
  custom:scripting/monoscript/fileName/DrawCreateWorkspaceView.cs: 6422239d8f649480614f0dd4f018b7f2 -> c6039ac84d85ab3926aa94de163a9f7d
  custom:scripting/monoscript/fileName/ProjectPath.cs: 5634ebdbea8ca94089eb9622d1b60497 -> 2007f972d3a73eeb86dfe05e849c7f69
  custom:scripting/monoscript/fileName/SSOCredentialsDialog.cs: 8967ceae1bc195ea8dd32b23c42dd852 -> e140ede12a96f68f30062138385171c3
  custom:scripting/monoscript/fileName/DownloadPlasticExeDialog.cs: 2dd40c53d0303d041a27a44a95c331cb -> 093cfe0607c2346a88cdfdfe1435614f
  custom:video-codec-MediaFoundation-h265: 746d11721c4dcdbdad8f713fa42b33f4 -> 
  custom:scripting/monoscript/fileName/PendingChangesTab_Operations.cs: c99065f3c85ec85c85ece2a1a30665af -> 15ae6787065f4af65778e981f418a60b
  custom:scripting/monoscript/fileName/LocksListViewItem.cs: cc9cd24c5be4f7363367cba72f12aad4 -> f4a19fabbec093eb3d6a7e1cd4f42611
  custom:scripting/monoscript/fileName/PendingChangesViewPendingChangeMenu.cs: 561ad0f702e1db14300a4a5f810051f9 -> 9a6ef2277212bf26d647c7f12f946287
  custom:scripting/monoscript/fileName/SignInPanel.cs: f7e82045994d4eefe3b021faa87b55c6 -> bac0318ce35e37bed3a2cc8137452435
  custom:scripting/monoscript/fileName/DrawInspectorOperations.cs: 61c4a6a6507d8f84ef5bdf5cba3f0aee -> 8c94fe642e98309082411f46db89106b
  custom:scripting/monoscript/fileName/DrawDirectoryResolutionPanel.cs: b77d9918f02a8eac64394aaf99fa4b28 -> e4e3c9b4bc511687802b504b71016540
  custom:scripting/monoscript/fileName/CloseWindowIfOpened.cs: d820344e932a12600b5fe6fb7e9f1563 -> ce229ef3b7461ff17e2c1af0695a6657
  custom:scripting/monoscript/fileName/SaveAssets.cs: e472a52843752df7d7ad4ca6b2c8da98 -> b56abea3d51c742ac29e4aec958afad6
  custom:scripting/monoscript/fileName/MergeViewMenu.cs: 93bc40369a2f104c249cef1d685ad358 -> c1676e16bdcf215f6595ea9de7a1fc33
  custom:scripting/monoscript/fileName/RepositoriesListView.cs: 9f95c83dc460fb03fb0916472f14b8a7 -> 95287f65338ca0073ad04002a16eaaf7
  custom:scripting/monoscript/fileName/HandleMenuItem.cs: 740e54c5f6dca1acc88cad87af74b744 -> b4ad1ecc5243212c5967125ad5e41b1f
  custom:scripting/monoscript/fileName/ScreenResolution.cs: 5c975132cf4e36dcc261bd0acd604271 -> 7bb7bb5b955671820101b322f0a7bf3d
  custom:scripting/monoscript/fileName/ApplicationDataPath.cs: 8e4094e28762fb76a1baecfe90c6b65e -> 3e8c4ea8debfda8013fed860ac233d22
  custom:scripting/monoscript/fileName/MergeSelection.cs: 6deb9bc55c10a7ac7c9f905a7b92dbe8 -> 630eecd27cae3311e65e09d9c63da8b7
  custom:video-decoder-ogg-theora: a1e56fd34408186e4bbccfd4996cb3dc -> 
  custom:scripting/monoscript/fileName/RepaintInspector.cs: f134606300316994850c28a68d0cb5a3 -> 
  custom:scripting/monoscript/fileName/LockStatusCache.cs: 5e3725e03dc21c716034553589a67eae -> e99b3f34c5cd3eb73ec19439af1f7f80
  custom:scripting/monoscript/fileName/DiffTreeView.cs: 68195907d129ef826aa6b6df7202696d -> 49f46fd2a65ea674a218eead75f27aac
  custom:scripting/monoscript/fileName/DependenciesDialog.cs: 82d30fc8d5e1a73ec0d1ee9acc00fbc2 -> c8902186ab2f4e6471b5dd147afb01b6
  custom:scripting/monoscript/fileName/ChangesetListViewItem.cs: 95a197949f1e777703db60eea8cc21b3 -> d742a4910e302777daa1ccb9c8e92cb9
  custom:scripting/monoscript/fileName/LocksViewMenu.cs: fda08381fa9abca53b6eaf3bf55f14f8 -> 186d8514e824865b191ba1829afe4b33
  custom:scripting/monoscript/fileName/IncomingChangesViewMenu.cs: 5f96afa82d3e2a8078206b7f6d3b0752 -> 13196979a03411533716f6775c9a624b
  custom:scripting/monoscript/fileName/QueryVisualElementsExtensions.cs: 75ea535788abf9c38ba9341c984a6241 -> a49740b6efbb934f55475cc70b864a4c
  custom:scripting/monoscript/fileName/DivergentMoveMenu.cs: 5b146ed65a6a030ab7d86a0d711244f7 -> 98d76b5791494212a0c25aa6a4af7288
  custom:scripting/monoscript/fileName/WriteLogConfiguration.cs: 1a8401f47b522f631a3dc005105719f5 -> 1589212d1638ae91a029ea3ddf9999f2
  custom:scripting/monoscript/fileName/DrawTextBlockWithEndLink.cs: 1cc3e67c46bd397f9508f124a3366994 -> 
  custom:scripting/monoscript/fileName/FileSystemOperation.cs: c31a686e69e66801c204a11be56c950a -> f0ccbe91654279794a85bf6f1c034716
  custom:scripting/monoscript/fileName/MigrateCollabProject.cs: af93695e471d9c8e4ad014c4165f2c3c -> 9f3487f03a783b35518405572f20ac9e
  custom:framework-win-MediaFoundation: 216162199b28c13a410421893ffa2e32 -> 
  custom:scripting/monoscript/fileName/ProgressControlsForViews.cs: 7d677c6df38ab15cf390062b5b0bb854 -> a8a18a90f46aa63848e1e45d8d7ff9af
  custom:scripting/monoscript/fileName/DrawAssetOverlay.cs: 04a46044def089f0abcdafdd281e3646 -> 
  custom:scripting/monoscript/fileName/NewBehaviourScript.cs: b21687ddb03d73bd9f0c1daecb9714de -> 
  custom:scripting/monoscript/fileName/ProjectWindow.cs: c62567a3d71fd74636bc783de5162474 -> 
  custom:scripting/monoscript/fileName/MergeLinksListView.cs: 826afb5fb5988163105086b4bf5027af -> c9488671ae9b14523680d0c19097baa0
  custom:scripting/monoscript/fileName/UnityCloudProjectLinkMonitor.cs: a6d5b729fcd63f578363f7929a986e8b -> 86b74508945daf368996ea82904ac8da
  custom:scripting/monoscript/fileName/EditorProgressBar.cs: 7418be9b22aaea32732f8a5f49569d1c -> 08c2f2b90ef64df631d46389f0e22c8e
  custom:scripting/monoscript/fileName/MeasureMaxWidth.cs: cd9322680ae61d38397008451b7ed0ed -> 1569e3f1dad91a9b01cba66ab6aa30b0
  custom:scripting/monoscript/fileName/ChangesetsListHeaderState.cs: 69fc4f1a2bc3782d7043ec48961a3616 -> fe1392f9b135da83e13fe8a5e5f39fc2
  custom:scripting/monoscript/fileName/PendingChangesTreeHeaderState.cs: 7d278b5569d28437d07554a3bbb56e1b -> 5d7f70d142c9ac67864ec14950523d62
  custom:scripting/monoscript/fileName/ChangelistMenu.cs: ca33bac56b3a337faa90a1b1bba632d6 -> c1bf5aeb760cc5eae584ea3944d6531b
  custom:scripting/monoscript/fileName/MissingEncryptionPasswordPromptHandler.cs: 7f5831fc8a41e9cadd84fcfd0e885072 -> 5d7b9646eb14a39b6d3d5bab19d266ff
  custom:scripting/monoscript/fileName/NotificationBar.cs: d1a4cf5e8103d80fd25347275f906aa8 -> 50f1a85fa18d94338418def78dcd8543
  custom:scripting/monoscript/fileName/UnityThreadWaiter.cs: dbd556f2802baab90a20da38c288d36c -> 99333406d92d10003984b4d1920de2f9
  custom:scripting/monoscript/fileName/CredentialsDialog.cs: 179b5e49656a1623c2e79d838f0f5876 -> c785d5e40f8d66b7ef7ba04ee7c324e0
  custom:scripting/monoscript/fileName/GetRestorePathDialog.cs: e21eb9983f0b989125951478cd5e9b35 -> 353d1126ca2d2063d5bdbd06806ffc08
  custom:scripting/monoscript/fileName/UpdateReportListHeaderState.cs: 64a5bf775d221ad9a5ff8c78a1e0e1fa -> d6cbe54be2898ed2c96c2e79572c2e08
  custom:scripting/monoscript/fileName/LocksListView.cs: 8c6202774eebcf67be9c3b5a2926cc7c -> 7aa51ff93bcc98aa05dec8b46ec200c4
  custom:scripting/monoscript/fileName/DownloadAndInstallOperation.cs: b043b8d5921892e87f4566e00162cff6 -> 4f4065aeafda2af0ec272a3c228e27b2
  custom:scripting/monoscript/fileName/DiffTreeViewMenu.cs: 3e62bfc69ca7486976988e151b88922e -> 8039fc4ecf68b3e966e1f4822789e7fa
  custom:scripting/monoscript/fileName/UnityStyles.cs: 1a176026ce9da8057f3ec90dfe0bac74 -> bbbba3cda37678cfc74d71ffebf36e7f
  custom:scripting/monoscript/fileName/HistoryTab.cs: 4d086984813cd90d6be245dd8e03a2ba -> d57f000c65fde42a2228c7a105a836e5
  custom:scripting/monoscript/fileName/HistorySelection.cs: 7c3afcf345a55e8b77ea41ca0f570218 -> 3d07a3d1241e204b5420d71f1137eba4
  custom:scripting/monoscript/fileName/CreateWorkspace.cs: 7b3086384e5ddcd73cd5064a3ce31cd2 -> 5256205b5cf0570b6f698c7abe518f5a
  custom:scripting/monoscript/fileName/ShowWindow.cs: c731454122754eec192bc3c53fac3d95 -> a6bb1d20733c178256b38974418d7450
  custom:scripting/monoscript/fileName/LocksListHeaderState.cs: b80c5f044f18764adef2e9dbea5f0fb1 -> c7fe4d3b5f954615048f8e79925d29e3
  custom:scripting/monoscript/fileName/CreateRepositoryDialog.cs: 1e1c5399cf3d0b071c7982c565a710ce -> 5cec3e66b09e0dbe1f805953c5c64af9
  custom:scripting/monoscript/fileName/RenameBranchDialog.cs: a3111a345c6451ee64cd16f1989c2313 -> e5c89c05c87517babb3730e87196a494
  custom:scripting/monoscript/fileName/EncryptionConfigurationDialog.cs: 6423045767c07e6360ff314ec741c601 -> 19e9c54aff6ffc68d60fe11f80578947
  custom:scripting/monoscript/fileName/CheckinProgress.cs: 298ac58365579798eb3b4defc181ccaf -> 75b93dbc5ef307111f0647f735640420
  custom:scripting/monoscript/fileName/AssetCopyPathOperation.cs: 571ede78b6298606a236918df9df62d5 -> 633a9d130b72ba594756844b628f0ae2
  custom:scripting/monoscript/fileName/PendingChangesSelection.cs: 766664749a54eea9ecce5dff917430ef -> 1721ad72d074757364587c71b49d9382
  custom:scripting/monoscript/fileName/LoadAsset.cs: 9042eb334fc462cf466672445be1d4c2 -> 5e4e082aa5b21c13b80eb237fe94d00b
  custom:scripting/monoscript/fileName/Images.cs: 0b0c14141950fed99e3ef33199b3b4c9 -> fbdd1e600315d249327f3effde045c9d
  custom:scripting/monoscript/fileName/DrawLocksListViewItem.cs: ce3a3d64ec2d84c3556ffd4141efc4f7 -> 6201c4d50383e970d554210505562d37
  custom:scripting/monoscript/fileName/DrawProgressForOperations.cs: ea9179848be98ee7719316b39339ef29 -> b544f18e6532ba53bbd1b691fa5cd571
  custom:scripting/monoscript/fileName/ViewSwitcher.cs: 4df4bf16a6790d08087362d43c346234 -> dd1f6d6bc6ad5beda69b13cdb560799f
  custom:scripting/monoscript/fileName/RepositoryListViewItem.cs: 2f16ba7694ec7934685021093e722c4e -> 3cabcd81911a2500dcd9e2b6ffae3f00
  custom:scripting/monoscript/fileName/InspectorAssetSelection.cs: 71ba78e42827a9b22a9a6016733d756f -> 4b3c1ae4c44d88205aef26229acfe022
  custom:scripting/monoscript/fileName/UVCPackageVersion.cs: c4d95cb84d9d8dff4727eba6b0a64378 -> 
  custom:scripting/monoscript/fileName/IncomingChangesTreeHeaderState.cs: f578f4545f0afb1f0a2de9a25e26e33b -> 9fcb97ef2da44c66332f5c6800c2e6ed
  custom:scripting/monoscript/fileName/WorkspaceOperationsMonitor.cs: 5f05751fd4d94e02e79a5bf200f98f9a -> 43dcc435c252a54bdaaf4d6588b7d66e
  custom:CustomObjectIndexerAttribute: 9a22284fe3817be447336de3de66b15e -> 
  custom:scripting/monoscript/fileName/MacOSConfigWorkaround.cs: 8634a542fc5c45ea8cd9a8244bf2c871 -> 9fe61e763da506601651f6c451cecb0a
  custom:scripting/monoscript/fileName/IncomingChangesSelection.cs: a96a5a084d59fe3917a3831b68fa9479 -> d86f9f4463e6f9d99bb815e1f018ccf1
  custom:scripting/monoscript/fileName/AddMoveMenu.cs: 07e842d83dd343358454fef0a7927a0d -> e681c3341f01390e9c1d636ae93280df
  custom:scripting/monoscript/fileName/PlasticProjectSettingsProvider.cs: 49dc3835a349b3282b9803f48edc8e50 -> 8c4ae1aeb34c51d2a5a8924265075ff2
  custom:scripting/monoscript/fileName/AssetMenuItems.cs: 9ce81cedb8e568c6b7b646aa6263645b -> 
  custom:scripting/monoscript/fileName/ToolConstants.cs: a088b027c7b0922429c756f12b0507ea -> 3b0d2490617bc7f94a0bdab65a399e1d
  custom:scripting/monoscript/fileName/MergeTab.cs: f39dce5bbfdc053d284a55fc102a8be9 -> f0a9f00e065364eb63b070091ade67f8
  custom:scripting/monoscript/fileName/GetSelectedPaths.cs: 02423a81496d6c63598b5cdc203f4354 -> be35dd49dddd53fc840b9febf21b4d0d
  custom:scripting/monoscript/fileName/TokenExchangeResponse.cs: 0dd9138dbeab6f132711a5b608de5c13 -> f20183d4cf939766d3c1e15cc3bec2e3
  custom:scripting/monoscript/fileName/ChangesetsTab_Operations.cs: eca44847b108faefa69f8c525242c965 -> 3290c4c0cd248666e01a08ee6d621249
  custom:scripting/monoscript/fileName/OverlayRect.cs: 59d6887e4803f8a44ffaa0409470e410 -> 
  custom:scripting/monoscript/fileName/ConfigurePartialWorkspace.cs: 309d4276b0164b05348aedbd51cc0b2f -> 10fcc6b6d43dd5ed36c43c6f7b5906c4
  custom:scripting/monoscript/fileName/ValidRepositoryName.cs: 43c262be3f66a970816e3d3a3ee8872a -> 56bcf92a3678f6ad6215cae2e4914cfd
  custom:container-demuxer-webm: 4f35f7cbe854078d1ac9338744f61a02 -> 
  custom:scripting/monoscript/fileName/GetPlasticShortcut.cs: 2a84c035152261f00e7e66eb44cd0ffa -> 5c2b7bf07ddd2284efc64b09ef0f1f72
  custom:scripting/monoscript/fileName/GuiEnabled.cs: 1b1658fd7715b5cc664c10a130c6b629 -> 7bb13fcc8d8cbd392e00f7232841f086
  custom:scripting/monoscript/fileName/BuildPathDictionary.cs: 943911b84162d26cea47f964f9a0a399 -> 9fabc7cc73fcfc50b8a3307c6aa6ec4d
  custom:scripting/monoscript/fileName/FindEditorWindow.cs: 2bb64182aef631315344623cf583c78a -> 8c3c78bb7e82ac5008f8a2b8a0d68cff
  custom:scripting/monoscript/fileName/DrawProgressForViews.cs: c153245b67af73b7ee03f693a1127796 -> 068a172cb549ad77d9873d721698bd0d
  custom:scripting/monoscript/fileName/UpdateReportDialog.cs: 706e7e86547c339cdb3a4462e3f7a54d -> 087837d8f73228f1a817d0de82c77260
  custom:scripting/monoscript/fileName/UnityMergeTree.cs: f81f2d7551ab855fe9dc724f3f2e2892 -> 59edaa0a4669bbcb540a261166adc144
  custom:scripting/monoscript/fileName/CycleMoveMenu.cs: 91c21a0be9b3727d7673f94321029c52 -> b3993a7306fc941f55ca963833965729
  custom:scripting/monoscript/fileName/HistoryListView.cs: 527da2d093462f1c4a278d6957e7d5ac -> 7b2d1d2c12ab43d9d244e35197127919
  custom:scripting/monoscript/fileName/ChangeTreeViewItem.cs: 506ed128854137d9f75f9e3d2576a06b -> b0a38ce0a620643c776a3db4fd91bc4c
  custom:scripting/monoscript/fileName/BringWindowToFront.cs: 88b20f2a2881db6a013f54923d68cdee -> a30c7c1ba746c6d277a5aedd3057d15e
  custom:scripting/monoscript/fileName/LaunchCheckinConflictsDialog.cs: 4417eba1591eccb2221bfdce0106c1e0 -> e2c1e3f8f4e14a62e4363fe6259adbc2
  custom:scripting/monoscript/fileName/ParseArguments.cs: 03c1a4d7e357164ca313a0019713c3db -> ae915d9f5fe287ced40627c9ca8bfafd
  custom:scripting/monoscript/fileName/ExternalLink.cs: 685ff1dd6f55eb61a1fd8af84a2aa7f5 -> a8ff952d8c27d10f226ab92b7aa83b69
  custom:scripting/monoscript/fileName/WaitingSignInPanel.cs: 247680fcfc6a176b9fa28a3df600a754 -> 7585e1c7111b6b900784e6d1c9454258
  custom:scripting/monoscript/fileName/OperationProgressData.cs: 0db72349eeecbe9449a517b1d79cc760 -> 15f68712baaea535af36d9e0333c0a6e
  custom:scripting/monoscript/fileName/RepositoriesListHeaderState.cs: c0353a1af15ae4fd3d5a2a3cac816423 -> fb71b961ab7c924511a6b0e8680b60ee
  custom:scripting/monoscript/fileName/ClientDiffTreeViewItem.cs: 56be9d3aa410e770e75de2d8b93be89d -> 43bdd7aa5bf1aa039a5b572c119c38d0
  custom:scripting/monoscript/fileName/CreateWorkspaceView.cs: c40bc4c8524ef3e2374ef997beb2e4a6 -> 9ae2295080d141c0f12d02a71014e11c
  custom:scripting/monoscript/fileName/CommandLineArguments.cs: 0d20ca25f94249586a7c1484c469d8a2 -> 48a62ad3f817c0269ea7fc4a53799594
  custom:scripting/monoscript/fileName/DownloadRepository.cs: 46fc68d9cc4da8e8ed765ff28b2dd438 -> 5bad8d3f76a3fcb41a94637e37c11ab0
  custom:scripting/monoscript/fileName/ParentWindow.cs: 2476d8a6ba9c3055f984ac9792cae61a -> d6aa079e592e01701c5baa3ab98898bc
  custom:scripting/monoscript/fileName/OperationParams.cs: 091a140b35535b91c773ddf98925322d -> 3312c7a4424a66ffbf2f88f056f329aa
  custom:scripting/monoscript/fileName/SignInWithEmailPanel.cs: a5823728eb62cf6dbd8c933c1cb26f53 -> 6e8957c0ed7609303e68389067e72d72
  custom:scripting/monoscript/fileName/LaunchInstaller.cs: f9b7c99441bc32980ce9b95be066824b -> b75efdf5909b501e06cacd9c66f75981
  custom:scripting/monoscript/fileName/GetWindowIfOpened.cs: 84a2356c61155912908cf98a62600c22 -> fd8bfd1a9b371371ebbff48e377726f9
  custom:scripting/monoscript/fileName/AvatarImages.cs: ea6dca998cf0ec5122553a9e010ef687 -> 3aa8c25a350843151ec4070c820c411a
  custom:scripting/monoscript/fileName/DrawUserIcon.cs: 2f65feb9bed897237f97fbf9c5479092 -> 7d5385bf780ae84e648a8b49f8fe0825
  custom:scripting/monoscript/fileName/AssetStatus.cs: b9ea657347f2c22e8e401cdb256c516c -> e017010009bdb28bcb0d7d8ef05e7dd9
  custom:scripting/monoscript/fileName/BranchesListView.cs: 334a3fb302f855f71fb71520fb442a71 -> 3f5ed9fe5a1bca512014ae1600ee1666
  custom:scripting/monoscript/fileName/DrawGuiModeSwitcher.cs: 363adc150c5f1c5059a678f179906090 -> d3be34a3134d3fe80ef6b14d0d519128
  custom:scripting/monoscript/fileName/UnityMenuItem.cs: 5f445176ad3735e69769d93250663be7 -> 73f3c859f1b5092ad362c09e23b3a922
  custom:scripting/monoscript/fileName/WebRestApiClient.cs: 8ab6ae74a3793a3375cc48f328048a82 -> 746756fd499dddd02a4e7ccdbac48be3
  custom:scripting/monoscript/fileName/PendingChangesOptionsFoldout.cs: 1ad411e4720a65e6d5ed1fc883c5ffc8 -> f9e651bcc5d4441496c88ab59a32f360
  custom:scripting/monoscript/fileName/IncomingChangesTreeView.cs: d8c19bc81b07c04d7721396d2821d297 -> 96479648d4498738733254eb4e4c6fb5
  custom:scripting/monoscript/fileName/GenericProgress.cs: 11287c7d038c487f32d0c8edc476a32d -> 8492ec26f01fc248d3eb3c2f5b3b6c0f
  custom:scripting/monoscript/fileName/MergeCategoryTreeViewItem.cs: c1ecd9dc0cd73eb7eb129994dedc1a91 -> 6bd59fcbfeafe06987a54631991d755b
  custom:scripting/monoscript/fileName/CheckinDialog.cs: 1709b78fae1329cc05fd4f39334b25f5 -> 702fdb8d0a3b4bfcb9ba109e71325cad
  custom:scripting/monoscript/fileName/ProcessCommand.cs: 2cc3b6e2a763c7f353b474b6904b45a6 -> 
  custom:scripting/monoscript/fileName/SortOrderComparer.cs: 8f6297df34271fdb1ce2d9607ec6261d -> 90647cc400823b41df847a6cbfc29026
  custom:scripting/monoscript/fileName/GUIActionRunner.cs: 69af7de0762ed6d085feb4cc4b5101b3 -> 4a0608de635b0d82868d57923d68eff7
  custom:scripting/monoscript/fileName/PlasticMenuItem.cs: 30c3a785b4c2607e2ae9aad693d5f604 -> 
  custom:scripting/monoscript/fileName/PendingChangesTreeView.cs: f3722f38014385705913f17dbe0f90c1 -> 17142d220a0a50a3f3d184c4718a0da7
  custom:scripting/monoscript/fileName/VCSPlugin.cs: 69c1b7249af35f35848ae707bd5e7113 -> 
  custom:scripting/monoscript/fileName/GetClientDiffInfos.cs: 4ae14b15e2cf5177a84735548a44cdc9 -> f8db8e637ded2d5e935a953a13b85ebe
  custom:scripting/monoscript/fileName/DrawActionButtonWithMenu.cs: d7f31944358aed2f3ed3982246fca039 -> 8d4f5edd02a1dd0f38c4f2baf5ee8a33
  custom:scripting/monoscript/fileName/ErrorListViewItem.cs: a9f229dd6829be37e3d3d11493cd30e3 -> 509edc26860f8be303ec97d68aabc30d
  custom:container-muxer-webm: aa71ff27fc2769a1b78a27578f13a17b -> 
  custom:scripting/monoscript/fileName/EditorProgressControls.cs: b1f133fa38afd918d537a72574fc93a0 -> 2e606eb01a6e6a567f3de9a0379ed3ae
  custom:scripting/monoscript/fileName/BranchesListHeaderState.cs: d47f1164fa7093137db851c4c16ffba3 -> 82eab21603f4efc696334ee80641c2c9
  custom:scripting/monoscript/fileName/DrawSearchField.cs: b11b864a92c7d76f85d4ec87d6faf61c -> 3de70beba9f4447205d50241d95b066a
  custom:scripting/monoscript/fileName/PendingChangesTab.cs: c99065f3c85ec85c85ece2a1a30665af -> 15ae6787065f4af65778e981f418a60b
  custom:scripting/monoscript/fileName/MergeTreeHeaderState.cs: d266e9dd03ced7ec66ad3688e5f18f26 -> 6293ca7f65e9641fcbe12100e705a990
  custom:scripting/monoscript/fileName/BuildGetEventExtraInfoFunction.cs: 1308a6936e8051866a117b3b7c2c7b77 -> 74bfc8c01f931108a3c2b127aa04cc8d
  custom:video-decoder-webm-vp8: 9c59270c3fd7afecdb556c50c9e8de78 -> 
  custom:scripting/monoscript/fileName/WelcomeView.cs: 07e35bfe1faa2c52c049eb30958acd54 -> f06c185659ea2f4a75f9397861dc6096
  custom:scripting/monoscript/fileName/DeleteMoveMenu.cs: 39c593e854a9a8ae0e6d34ceb587fce1 -> 4d026cbabd8105e38661f97da078042a
  custom:scripting/monoscript/fileName/PlasticApp.cs: c440a0fb380601a77ad475d6c15d4fa1 -> c57de230d90beac7b586f10b9c7c6cb5
  custom:scripting/monoscript/fileName/ChangesetsTab.cs: ef408d8aaf89e01b17643ed0c836680d -> 46dde8f7856048792ad2e75490bb8c5e
  custom:scripting/monoscript/fileName/DeleteBranchDialog.cs: efbbc070bfeda2b746e8b15a4380cb26 -> 8549b0fc52962c89115fd78724fee578
  custom:scripting/monoscript/fileName/IncomingChangesNotification.cs: 5d73d1f1a99af71ddd954044bdf322d2 -> caa8ea2c7336b9227381f0971759e01a
  custom:scripting/monoscript/fileName/DrawTreeViewEmptyState.cs: d4c16fd6aad8161eda7d99fd74cbb08e -> 
  custom:scripting/monoscript/fileName/ErrorsListView.cs: 7cfd18bb17e557401eb4aa1ca93dbfd5 -> cd35171982f17897dd5148dda46e0956
  custom:scripting/monoscript/fileName/UnityPendingChangesTree.cs: fd6f0a038401268983bd9328d10dec93 -> f391d9a00dc9e202cee4d4ebcf6d21c0
  custom:scripting/monoscript/fileName/ClientConfiguration.cs: 5f5e47bfb7cedc7420d7e59c6d7ae6f0 -> 01b18b09a6dbb3756e1f42a5b64aab0f
  custom:scripting/monoscript/fileName/AssetVcsOperations.cs: 50ee89e011ba3d800b4e7a9a24aca7e1 -> 
  custom:scripting/monoscript/fileName/EmptyCheckinMessageDialog.cs: e95636a2119dec4d0c1f323f7ba65603 -> 
  custom:scripting/monoscript/fileName/PlasticDialog.cs: b0aae1bf1889af041741f324070b7b84 -> 63a17a2b696bc2a13c9046aa16f8cea4
  custom:SearchIndexIgnoredProperties: e643bd26f0fe6173181afceb89e7c659 -> 
  custom:scripting/monoscript/fileName/AutoRefresh.cs: 9d30d5d3f0e8985355be1ab597da1dbb -> 0a8afde180a876655ad16caa14493409
  custom:scripting/monoscript/fileName/PlasticPluginIsEnabledPreference.cs: 7953272c37f4a828a3d1096e7479f346 -> 
  custom:scripting/monoscript/fileName/GetRelativePath.cs: 9b16eb2de9e98b392077181cc34243c1 -> ab04ae5e0cafb93ebf5c96148bb52df0
  custom:scripting/monoscript/fileName/UnityEvents.cs: 253411328de37811883aded592b97268 -> c830e584565fcd66ca0d5a23ad8b9bd6
  custom:AudioImporter_EditorPlatform: d09bf68614088b80899f8185d706f6e7 -> 
  custom:scripting/monoscript/fileName/DeleteChangeMenu.cs: 540c783b689e4d6a4a383862455d5d39 -> bfa368dc06e11abcc107d6f80c7c19c5
  custom:scripting/monoscript/fileName/DockEditorWindow.cs: 581124d5e19667105f2446d6dfbf7982 -> a9e5e467234133af999283610b6e84e6
  custom:scripting/monoscript/fileName/ProjectPackages.cs: e247c98bd45807b228765f9a94d82145 -> 9e9e13e39b2e9718b602503b87245c18
  custom:scripting/monoscript/fileName/BranchesSelection.cs: 7eb1fcb556f0fad697e4ec9d989be099 -> 33b36e7b03910960966036894ec90c7c
  custom:scripting/monoscript/fileName/SaveAction.cs: b68fbb4319dbb368959c40781b39fdf8 -> 27c387bb58f3a69b0c9ff60d2209e18f
  custom:scripting/monoscript/fileName/AutoConfig.cs: 6c4e7f9dc55323aa1299debfe9723aa6 -> bf4bbd2f2e752464ef51dbf102faed17
  custom:scripting/monoscript/fileName/DiffPanel.cs: 02288a38bd14cc2b52a25b302a6f154e -> 210366dab3631628227b9406f87a9b7f
  custom:scripting/monoscript/fileName/PlasticAssetsProcessor.cs: ff731c8aacf4a537dc74c7cf9eaeaed0 -> 
  custom:scripting/monoscript/fileName/DrawActionToolbar.cs: 52293cb82089e0370f52e257f41c0869 -> e05748a99799f26304c1bbafd90f703b
  custom:scripting/monoscript/fileName/TreeViewItemIds.cs: 7d654a2b5b3a10da3e7d8472196e96d1 -> 0cdf409b5aa8d4c25876d72b5c6a3b60
  custom:scripting/monoscript/fileName/EditorVersion.cs: 70953c9eccf7726f70c672a9a51619e9 -> 698aba075b19a52a056d67a7b809d179
  custom:scripting/monoscript/fileName/TeamEditionConfigurationWindow.cs: d06f049421c16e5927ec29f770917e09 -> e53b1ca5561894aaeff930afb696d001
  custom:scripting/monoscript/fileName/ProgressOperationHandler.cs: 5fbb4e0f656dcfaa4498bd2e492e4710 -> ec62666c0ca1649dd33cc6bc6834c6f7
  custom:scripting/monoscript/fileName/UnityPlasticTimer.cs: 961fdb6492c99b4a3eadbed28e78c4b0 -> 6c887e722e951c2964523825cad70c4c
  custom:scripting/monoscript/fileName/TreeHeaderColumns.cs: 9fc4a0396a421346b8aa3b7788860851 -> 316e5ea62e66b20fd6e687a6b9e5958e
  custom:scripting/monoscript/fileName/MergeOptionsDialog.cs: 25ac62df73845405e13f44e4dfdcf0d1 -> 9250ce23d260ab84f87bd5899c6cf983
  custom:scripting/monoscript/fileName/AssetFilesFilterPatternsMenuBuilder.cs: 8fe5de6e5dc3d42fb7e95de2aaedbf5a -> 0d99e7514c6a33cda8314deed8f34bc5
  custom:scripting/monoscript/fileName/MergeTreeView.cs: 143a828a1a236483d3cdc1d010ce9d51 -> 3feb38cec50d3fc7576ddbf07a9a9ce8
  custom:scripting/monoscript/fileName/PlasticNotification.cs: 3629fdff9f054b2013702f5b131b2c47 -> 
  custom:scripting/monoscript/fileName/ConfirmContinueWithPendingChangesDialog.cs: c0e147ff008a0b77c9337132a3ea70af -> 77462b1904ad8f6fee2f8da4523d59fe
  custom:scripting/monoscript/fileName/ChangelistTreeViewItem.cs: a4a6f6169cdb3afe249e104e2b7b1a2c -> 87f69636be8bd1a264ec4eac1bffa701
  custom:scripting/monoscript/fileName/CollabPlugin.cs: bda741ff77a19affbf276298e29313ec -> ca276d65e7cd77c5c99d9f119ffdb215
  custom:scripting/monoscript/fileName/TabButton.cs: 757146b89ed597b1d75c77241e5d5f63 -> 
  custom:scripting/monoscript/fileName/LaunchTool.cs: 3ac53c8af1f56365aad9e1ae5366d98d -> 60773d78646dc188d4b2caca77f20b17
  custom:scripting/monoscript/fileName/RunModal.cs: 33b931100ee477e6812324eabaa2e837 -> c83ee2ef642c5d8b8dfd32f033bfc438
  custom:scripting/monoscript/fileName/BranchListViewItem.cs: 8fdaa5aa842f5a70237affa304b9d506 -> 55028f4aef24d6227589aaa95582b2ff
  custom:scripting/monoscript/fileName/GetAvatar.cs: 07c98163f75f0b7c672bd453fc82bf61 -> 04ffae2a9e5a4c32a119f93144f558d2
  custom:scripting/monoscript/fileName/MoveAddMenu.cs: 81d47caeb9f49803adfe1627c8ce5bf4 -> 1fbfab870b2e95fdd8a81f6019f764df
  custom:scripting/monoscript/fileName/FindTool.cs: fc3b0710b24078288fe829d0bb041dd0 -> 2f9d82566cfb01fb68fc30111fb47624
  custom:scripting/monoscript/fileName/ChannelCertificateUiImpl.cs: 75d7831ab5da75cc0082e28863abb142 -> cefccf1e13b7bcf15e3c9f2dd4cd2fc8
  custom:scripting/monoscript/fileName/ApplyCircleMask.cs: 02eb67e485278e7c9b719fee5ff90f4a -> b955b378d261fdcbd6272fe8711d1e4f
  custom:scripting/monoscript/fileName/AssetMenuOperations.cs: 131bfc7279b97eba576abe13a47f8f91 -> ebcce67603e288b4a84d49287db6ef5a
  custom:scripting/monoscript/fileName/VisualElementExtensions.cs: cd98f4a51563fccdfc39eed097290325 -> 0aad2728225c469038631668406aebb3
  custom:scripting/monoscript/fileName/LocksSelector.cs: 70b046a562568fd78d093736e68a3a58 -> 7b0f4fc5552c1d92ba7f4648526ceb21
  custom:scripting/monoscript/fileName/ListViewItemIds.cs: 8f6297df34271fdb1ce2d9607ec6261d -> 90647cc400823b41df847a6cbfc29026
  custom:scripting/monoscript/fileName/CreateWorkspaceViewState.cs: 1deb37b3c17c224d9a7dca9c990ea191 -> 0fe23b7cca9336b31a27790c714de652
  custom:scripting/monoscript/fileName/MergeLinkListViewItem.cs: ebc1e6f9e3a3005d8f4c51a794adfdaa -> 3fa407d29597803190dd374d88ed170d
  custom:scripting/monoscript/fileName/DrawCommentTextArea.cs: ad5449f632fd412ac0f7ba0d171fd453 -> c58c26552f95f108a8d9610eaf001fbc
  custom:scripting/monoscript/fileName/ErrorsListHeaderState.cs: f366e16fac061f262479ccab9ff07a93 -> b961336a4a43551eb826f97c57673007
  custom:scripting/monoscript/fileName/MergeViewDirectoryConflictMenu.cs: d45972e8b5f74223c607a4daa895ff3d -> fad8e1937fc14fd75ca21a68ee1037b8
  custom:scripting/monoscript/fileName/RefreshAsset.cs: 4479d2949a66a97f66d1e550067f3767 -> 5a15c606785f1f54a697bb0d0d846dfb
  custom:scripting/monoscript/fileName/BoolSetting.cs: d67f952c3a5976591f3e9a9e7356bbab -> 12bf039ccd38b0f4ccfffbec3cbbf108
  custom:scripting/monoscript/fileName/CreateChangelistDialog.cs: 774371d4233cc1d394d98dc80507a1f8 -> 386b03e27c951c5f1d63daf7aae486ca
  custom:scripting/monoscript/fileName/HistoryListViewMenu.cs: 15a489e494f04a7ea37a587c7601070e -> 29770348599c8d5473b78d72e5741b40
  custom:scripting/monoscript/fileName/MergeViewFileConflictMenu.cs: d7362b83d6b320a0f0ceaf99dbe21727 -> 8fc0f292158abfa71c2c7b3b6f38d32a
  custom:scripting/monoscript/fileName/FilterRulesConfirmationDialog.cs: 5186d89f21d03764f0cca01c2a0122d7 -> 9c91c6c91f20e6d013a753f32343b327
  custom:scripting/monoscript/fileName/ChangesetsSelection.cs: d154d1782ed752b83834c54a0bde3df9 -> 8b9d539af9f7e269bac4e3d79e9ffab8
  custom:scripting/monoscript/fileName/AssetPostprocessor.cs: 96208057b904410715a8df295ba4f8f4 -> 
  custom:scripting/monoscript/fileName/IsResolved.cs: 67a72533af97b9ab7830798057ab806c -> f54a3e2c5134aa4306f9ad150b1911a9
  custom:scripting/monoscript/fileName/LocalStatusCache.cs: a558fcf5f34357bab4cfc7b75e2bb356 -> 30974ea30517fbfd1b93153f6c849a76
  custom:scripting/monoscript/fileName/RepositoryExplorerDialog.cs: 143e7416b576681e1f2ea71288e530e6 -> eea34924da79ad7254f3e141a891c78d
  custom:scripting/monoscript/fileName/WorkspaceWindow.cs: ff52e13cd29dacd66db0169e14f71a23 -> b042f06133312d3bfed176231d97d77c
  custom:scripting/monoscript/fileName/BranchesTab_Operations.cs: 764cb17e9337c58ad4f5304b60b2042e -> 57c33f76c527a5aba4d269245ffff188
  custom:scripting/monoscript/fileName/PlasticShutdown.cs: a8df8eeeed98372d06e446171a192a6d -> 
  custom:scripting/monoscript/fileName/FilesFilterPatternsMenuBuilder.cs: 28072cd275c96994687e6d4d0d6e1dff -> cf716a8d336c8113475a9ca67a799ec1
  custom:scripting/monoscript/fileName/HistoryListViewItem.cs: 2d3b1fc954b6bdbae298ec250ade0663 -> 96f2b67ec620b83e35d13f11877e1ac1
  custom:scripting/monoscript/fileName/RemoteStatusCache.cs: 00463e6b90cfe7da080d7c266f783980 -> 402d5663f3675e9324c129274b0c00f2
  custom:scripting/monoscript/fileName/EnumExtensions.cs: 24df84756ec75feecd53a80a0991ea16 -> 872fcb89b813d64606e680211dede528
  custom:scripting/monoscript/fileName/EditorWindowFocus.cs: 1012e4e2e29e9b29bdcc03d8b92762a8 -> f258b0cf85078a7435d001e522d5e8e3
  custom:scripting/monoscript/fileName/NewIncomingChanges.cs: fc48261878ef7e4b956e7172f5803aee -> 
  custom:video-encoder-webm-vp8: eb34c28f22e8b96e1ab97ce403110664 -> 
  custom:scripting/monoscript/fileName/UnityIncomingChangesTree.cs: f774bb8bf0bd45a254894c795843c695 -> 42967773c43d3de5d23be4ddc6dfd9c4
  custom:scripting/monoscript/fileName/UnityDiffTree.cs: 447fc3a8922f56330f4bae8c9dc9a8be -> 1029ffd567bc0e646e6b119719dcb2ff
  custom:scripting/monoscript/fileName/TreeHeaderSettings.cs: 114eb9e27124403e8e111494b8eaf987 -> 662b1714c0fce36da72bbfe60201987a
  custom:scripting/monoscript/fileName/UnityConstants.cs: 0eb92bed4b0c568cb341161b4319c2db -> e3d3c3e11a194da9e5bbbfb97087a7bd
  custom:scripting/monoscript/fileName/IsExeAvailable.cs: 3e4283303610c884e542b8f6d3e922d4 -> 4a3dbc5ded94087064afd97407f26631
  custom:scripting/monoscript/fileName/LoadedTwiceMenu.cs: 961f9b82936caa7937046ac23d323c2c -> b54aa2e14eb740621bb6f926af7cb8ef
  custom:scripting/monoscript/fileName/AutoLogin.cs: e67ed70aada38469aeb667115929c368 -> b4cb98371fc38cca00d7123b7e649e12
  custom:scripting/monoscript/fileName/DrawMergeOverview.cs: 1db93bf179b38015949e3a3cb6ef1bd3 -> 49e0e525c3c170f79c20dc6779b7ead8
  custom:audio-decoder-ogg-vorbis: bf7c407c2cedff20999df2af8eb42d56 -> 
  custom:scripting/monoscript/fileName/UpdateReportLineListViewItem.cs: a101f0ba5292fc139445870b3f4af838 -> 9f63395e1ea590dbbab4d59cd0032ac4
  custom:scripting/monoscript/fileName/DrawSplitter.cs: ec7e8739eacabcca3e2946d9833eea0f -> d2f114a8e8e4167f7762d835a83b2f55
  custom:scripting/monoscript/fileName/LaunchDependenciesDialog.cs: e1c527862a66e73f0417ae177d7fdfb5 -> 2cabf22eb95430074b6c730a84e03493
  custom:scripting/monoscript/fileName/CredentialsResponse.cs: 96b135ae1c4ea541dc762170ea524fa9 -> 3dd2507693e56dac75ee7783f598cbb9
  custom:scripting/monoscript/fileName/LaunchDiffOperations.cs: aeae601320588a70eea7590a2f7e0f69 -> 871a0804a9fe2d9f2ad088303a89a63e
  custom:scripting/monoscript/fileName/PlasticSplitterGUILayout.cs: 111849f67dfbfea65ad2a9298ad1654d -> 
  custom:scripting/monoscript/fileName/CheckinDialogOperations.cs: 0b2a2cd4c41cf1865a29cf91b2a96a48 -> d032d69e8060311c06b88286e8f22ddd
  custom:scripting/monoscript/fileName/PendingChangesViewMenu.cs: 68fab310addfd7068cfd7920070496ff -> 9b0019b6df6bb14eb3a2dbafa53fb54b
  custom:scripting/monoscript/fileName/AssetsSelection.cs: 35cec24e81f0cb1de51daeb356abc4ff -> 0227d7ff4d5687932d10967a945a9b06
  custom:scripting/monoscript/fileName/EnumPopupSetting.cs: 8f6297df34271fdb1ce2d9607ec6261d -> 90647cc400823b41df847a6cbfc29026
  custom:scripting/monoscript/fileName/PlasticConnectionMonitor.cs: 920e8e381bfc94da8bb69d336dda57ca -> 
  custom:scripting/monoscript/fileName/DiffAndMergePreferencesFoldout.cs: ca66ad883a35933771fab24b1f247ea9 -> 
  custom:scripting/monoscript/fileName/HistoryListHeaderState.cs: 6226ef13a567fa81584864f8698be331 -> a87e0364d14866c369ad50d669bdfa85
  custom:scripting/monoscript/fileName/CloudEditionWelcomeWindow.cs: c886fdb39f4b8787e6ea3701a8f88f4a -> b1721e471183956468462f6b64901640
  custom:scripting/monoscript/fileName/AssetsPath.cs: 367269acf8f676d2cdd30fdc387b3920 -> e0e986124adc46d913f0683c34b88c9f
  custom:scripting/monoscript/fileName/MetaPath.cs: 1f80313a7ce6ec6ece505285578f5745 -> 417a84eb354831f828a6752b26c8592d
  custom:scripting/monoscript/fileName/CredentialsUIImpl.cs: 90e9c2de8d7bdd8424e0d89c415108ae -> dbacf67c37819fd95562fe169e706732
  custom:scripting/monoscript/fileName/ChangesetsViewMenu.cs: b720f0168f4ce1b1e0d358a6d5ec9a42 -> 7d1a2de81910b5990e71a0bfff26fdca
  custom:scripting/monoscript/fileName/UnityPlasticGuiMessage.cs: 2a7f71f59c0d7dc731fd345a3713957c -> 24eef0792e3802809607a7f9d04b8f1d
  custom:scripting/monoscript/fileName/OrganizationCredentials.cs: ee462057b3bd23cc3dab953ac4d656e2 -> 0b123406cadd651e9adc01c85fab5124
  custom:scripting/monoscript/fileName/StatusBar.cs: 392933116703b8e69a96dc0b873bf6f1 -> 
  custom:scripting/monoscript/fileName/IsCurrent.cs: 7343ceec4312304bb8b398eeb6c375fa -> cf1fd01890d0fd9f011c1a1a491e2cf0
  custom:scripting/monoscript/fileName/ChangesetFromCollabCommitResponse.cs: b986ab8b1acd322b0367812e2d541734 -> ba336e4117e1b7ee28e4c17197bc3d0e
  custom:scripting/monoscript/fileName/MoveToChangelistMenuBuilder.cs: 3a2ef8cb0baf69e5dadeafc731fe32a9 -> a90b3e388d3e1316fa104d4c9a03e2d1
  custom:scripting/monoscript/fileName/LoadingSpinner.cs: b3299af90b664a9f42123e7df43fae24 -> 6aff0ac022d117a8e24a7b5e4b11904c
  custom:scripting/monoscript/fileName/LocksTab.cs: 134c512484ae73354c15c06a6dc69f9f -> 00ffb5a39c16fdc2d733c7e53471a3a9
  custom:scripting/monoscript/fileName/BranchesTab.cs: 764cb17e9337c58ad4f5304b60b2042e -> 57c33f76c527a5aba4d269245ffff188
  custom:scripting/monoscript/fileName/ToolConfig.cs: 18b1ea271ce5e7b6deea7b4e8e175269 -> fcffc3165b047f54ed6ccafa4c8760dd
  custom:scripting/monoscript/fileName/DropDownTextField.cs: e66e7314096900597993d2b353757d8d -> c8fc484ce140049ff31ebc2c6cbebf28
  custom:scripting/monoscript/fileName/AssetsProcessor.cs: 47679a6e15b70f4fef48eb1b2df31b19 -> 18737889e95cd4088e8dfd4153fa8f40
  custom:scripting/monoscript/fileName/DrawActionButton.cs: d847a7d82ac92cab2b3d0ae268cefb3d -> 81e6708d2b8fa199354e53f85db731a8
  custom:scripting/monoscript/fileName/TableViewOperations.cs: ddc7b903e0dbd6bd109f2bd709b95f0e -> bef3a31deb1fe794a90f767d16e4c868
  custom:scripting/monoscript/fileName/UpdateProgress.cs: 5b04f01bf199310f09ab9522f89c78f4 -> 281e1e05168d6a30be1d8d2f6200bef8
  custom:scripting/monoscript/fileName/OrganizationsInformation.cs: b3f0758c6655b2dad1161792812992fa -> 5f067ea8d90fc79055a3dcfd58ae6dca
  custom:scripting/monoscript/fileName/ChangeDeleteMenu.cs: 652dcd6f863c509bfa0376b6d95ab1ec -> 4fefe66d6e279ce0ac2fdc57d409f232
  custom:scripting/monoscript/fileName/SubscriptionDetailsResponse.cs: e10e0299ef716630c63b8cf5f792cda0 -> e5121cec860a6d1097cc809217b3d8fe
  custom:scripting/monoscript/fileName/DrawProgressForDialogs.cs: 5f8d39e3ea7c4a42148c6b1a7b4ca061 -> a5f2abd8875e7a6afbc171fabfbae81f
  custom:scripting/monoscript/fileName/ToolbarButton.cs: 47dc767626bbd94d66707af31ddc5eb6 -> 
  custom:scripting/monoscript/fileName/ProjectViewAssetSelection.cs: 349dc288d32791de51156d4e59000b7b -> 2560eadaf6a13a74a46a4a207cd5a8b6
  custom:scripting/monoscript/fileName/DrawTreeViewItem.cs: cceebc4f1185658619e40964f29acb08 -> 0921a62a588ab864253743d1f07afb5a
  custom:scripting/monoscript/fileName/DrawSceneOperations.cs: 2426c0c2ee58cd28be59874f6425940c -> d87f46f9fb97181a2f51490ea2e1efc3
  custom:audio-encoder-webm-vorbis: bf7c407c2cedff20999df2af8eb42d56 -> 
  custom:scripting/monoscript/fileName/DrawActionHelpBox.cs: dcd6ec2e7fb1b44f22c4a79ff87b70cd -> c8f6be9dab1e6f8d71e0c63c29679186
  custom:scripting/monoscript/fileName/PendingChangesMultiColumnHeader.cs: 21802cc6929e0e180fb4f0be8e34d9d0 -> 722de7d6e07a79981d750438e6febb8f
  custom:scripting/monoscript/fileName/EditorDispatcher.cs: c739e073a8c38dbcf59192f45d1004c5 -> 3c402eae57d73cc54863f3f6a13096ae
  custom:scripting/monoscript/fileName/MovedEvilTwinMenu.cs: ce111941dc7264d29598ce7fd2770927 -> d480b839850d28c1c9526cb587fc752d
  custom:scripting/monoscript/fileName/IIncomingChangesTab.cs: d4ceabdc48d8a1872bbe87f04d89a4ff -> 40644cd18074db84684b9e437bf8fa77
  custom:scripting/monoscript/fileName/GetChangesOverlayIcon.cs: f00e4b795697c6cf3092760f3b6fc49d -> d599d6efdee28305661bc0cf6683858a
  custom:scripting/monoscript/fileName/EvilTwinMenu.cs: 475a88947051822ca4915306469f9bcc -> 919e4faae0573e49949f6dfbb5a733da
  custom:scripting/monoscript/fileName/ChangesetsListView.cs: caae0aefb36c869f50691482a5cd0944 -> 87b74e0d80cf59010f55e2baaeb6679d
  custom:scripting/monoscript/fileName/UpdateReportListView.cs: 2d8fccdaad50bbd7454b52cf9cb4a0f9 -> 08d26df1ab6c3a7628addc5e54e50b08
  custom:scripting/monoscript/fileName/UnityConfigurationChecker.cs: 59a8f0715a7c89a752351bf42f94abbd -> 874cd65cce0384fef4b60e71fb08a429
  custom:scripting/precompiled-assembly-types:Assembly-CSharp: 863515cf3bc96dd1e04a42c1c8c06948 -> fc915b8c64163b6761e5351aa2c02497
  custom:scripting/monoscript/fileName/CheckWorkspaceTreeNodeStatus.cs: 5e11ff64963669981115eb58dc2b6e8b -> 1e1255b803bf7cbc935bb804bf0dbe7b
  custom:scripting/monoscript/fileName/PlasticPlugin.cs: a57c142b98ca3d4daad221737fd72924 -> c64561980f26020cc3206ae8b1047268
  custom:scripting/monoscript/fileName/SwitchModeConfirmationDialog.cs: 4d9c02587760213784bfe53d012122b4 -> 30cd71d0b3ee4b2689cde689908d301e
  custom:scripting/monoscript/fileName/PlasticWindow.cs: fc467478941f610919bc69526ba2c215 -> 
  custom:scripting/monoscript/fileName/PlasticExeLauncher.cs: caa0b5dda5df50c85bb19d27252d16b9 -> f1da27253760250030952f02cb54965a
  custom:scripting/monoscript/fileName/BranchesViewMenu.cs: 8089f11c30784e2e57775dd6cdbae898 -> 7bfc83e917c9b0b5aa423bb947ce2a38
  custom:scripting/monoscript/fileName/CooldownWindowDelayer.cs: 7816cfcad485500dbac9993c4502ea69 -> 4c95e39c8dd4cfa1bca106097fdb6524
  custom:scripting/monoscript/fileName/GetInstallerTmpFileName.cs: fa7bda723ac795b48e38504727f44981 -> d09e0b5c7a9af5874530e17ef23025f0
  custom:scripting/monoscript/fileName/AssetModificationProcessor.cs: a602c9e59e7db185e3a0d68d986e6fef -> 
  custom:scripting/monoscript/fileName/IsCollabProjectMigratedResponse.cs: 4c3294c6a51e6f42161d191230692016 -> af2b76c693935deee55cfcaed2aa7568
========================================================================
Received Import Request.
  Time since last request: 2.946058 seconds.
  path: Assets/Scripts/GameManager.cs
  artifactKey: Guid(e17cded3b8c23aa409a413edd1483dc2) Importer(815301076,1909f56bfc062723c751e8b465ee728b)
Start importing Assets/Scripts/GameManager.cs using Guid(e17cded3b8c23aa409a413edd1483dc2) Importer(815301076,1909f56bfc062723c751e8b465ee728b) [PhysX] Initialized MultithreadedTaskDispatcher with 32 workers.
 -> (artifact id: '04a125363b78ca17a9737e417705f6f6') in 0.001528 seconds
Number of updated asset objects reloaded before import = 0
Number of asset objects unloaded after import = 0
========================================================================
Received Import Request.
  Time since last request: 64.655590 seconds.
  path: Assets/Scenes/SampleScene.unity
  artifactKey: Guid(9fc0d4010bbf28b4594072e72b8655ab) Importer(2089858483,0ecaa5967403d082aa24f35e1b516d23)
Start importing Assets/Scenes/SampleScene.unity using Guid(9fc0d4010bbf28b4594072e72b8655ab) Importer(2089858483,0ecaa5967403d082aa24f35e1b516d23) [PhysX] Initialized MultithreadedTaskDispatcher with 32 workers.
 -> (artifact id: '2b0f4bb3366a32badfd432e4b2d7f277') in 0.069003 seconds
Number of updated asset objects reloaded before import = 0
Number of asset objects unloaded after import = 1
========================================================================
Received Import Request.
  Time since last request: 0.000045 seconds.
  path: Assets/TextMesh Pro/Examples & Extras/Materials/Small Crate_diffuse.mat
  artifactKey: Guid(22262639920f43d6be32430e4e58350d) Importer(2089858483,0ecaa5967403d082aa24f35e1b516d23)
Start importing Assets/TextMesh Pro/Examples & Extras/Materials/Small Crate_diffuse.mat using Guid(22262639920f43d6be32430e4e58350d) Importer(2089858483,0ecaa5967403d082aa24f35e1b516d23) [PhysX] Initialized MultithreadedTaskDispatcher with 32 workers.
 -> (artifact id: 'a0628cdfbe312054e5e3c143c7ac5671') in 0.048343 seconds
Number of updated asset objects reloaded before import = 0
Number of asset objects unloaded after import = 3
========================================================================
Received Import Request.
  Time since last request: 0.000012 seconds.
  path: Assets/TextMesh Pro/Sprites/EmojiOne.json
  artifactKey: Guid(8f05276190cf498a8153f6cbe761d4e6) Importer(2089858483,0ecaa5967403d082aa24f35e1b516d23)
Start importing Assets/TextMesh Pro/Sprites/EmojiOne.json using Guid(8f05276190cf498a8153f6cbe761d4e6) Importer(2089858483,0ecaa5967403d082aa24f35e1b516d23) [PhysX] Initialized MultithreadedTaskDispatcher with 32 workers.
 -> (artifact id: '7e3ef97245f5270ea749657de56f4c1e') in 0.008198 seconds
Number of updated asset objects reloaded before import = 0
Number of asset objects unloaded after import = 1
========================================================================
Received Import Request.
  Time since last request: 0.000011 seconds.
  path: Assets/TextMesh Pro/Examples & Extras/Scripts/TextConsoleSimulator.cs
  artifactKey: Guid(43bcd35a1c0c40ccb6d472893fe2093f) Importer(2089858483,0ecaa5967403d082aa24f35e1b516d23)
Start importing Assets/TextMesh Pro/Examples & Extras/Scripts/TextConsoleSimulator.cs using Guid(43bcd35a1c0c40ccb6d472893fe2093f) Importer(2089858483,0ecaa5967403d082aa24f35e1b516d23) [PhysX] Initialized MultithreadedTaskDispatcher with 32 workers.
 -> (artifact id: '5cb00f697bbf9d3992c5cbcd2c9eb6bb') in 0.010231 seconds
Number of updated asset objects reloaded before import = 0
Number of asset objects unloaded after import = 1
========================================================================
Received Import Request.
  Time since last request: 0.000011 seconds.
  path: Assets/TextMesh Pro/Shaders/TMPro.cginc
  artifactKey: Guid(407bc68d299748449bbf7f48ee690f8d) Importer(2089858483,0ecaa5967403d082aa24f35e1b516d23)
Start importing Assets/TextMesh Pro/Shaders/TMPro.cginc using Guid(407bc68d299748449bbf7f48ee690f8d) Importer(2089858483,0ecaa5967403d082aa24f35e1b516d23) [PhysX] Initialized MultithreadedTaskDispatcher with 32 workers.
 -> (artifact id: '02919944a83557d0f7a6513065955378') in 0.006023 seconds
Number of updated asset objects reloaded before import = 0
Number of asset objects unloaded after import = 1
========================================================================
Received Import Request.
  Time since last request: 0.000011 seconds.
  path: Assets/TextMesh Pro/Examples & Extras/Prefabs/TextMeshPro - Prefab 1.prefab
  artifactKey: Guid(a6e39ced0ea046bcb636c3f0b2e2a745) Importer(2089858483,0ecaa5967403d082aa24f35e1b516d23)
Start importing Assets/TextMesh Pro/Examples & Extras/Prefabs/TextMeshPro - Prefab 1.prefab using Guid(a6e39ced0ea046bcb636c3f0b2e2a745) Importer(2089858483,0ecaa5967403d082aa24f35e1b516d23) [PhysX] Initialized MultithreadedTaskDispatcher with 32 workers.
 -> (artifact id: 'b46c0458ac8b1671de3952e10b9de8a8') in 0.085175 seconds
Number of updated asset objects reloaded before import = 0
Number of asset objects unloaded after import = 16
========================================================================
Received Import Request.
  Time since last request: 0.000041 seconds.
  path: Assets/TextMesh Pro/Examples & Extras/Scripts/DropdownSample.cs
  artifactKey: Guid(ac1eb05af6d391b4eb0f4c070a99f1d0) Importer(2089858483,0ecaa5967403d082aa24f35e1b516d23)
Start importing Assets/TextMesh Pro/Examples & Extras/Scripts/DropdownSample.cs using Guid(ac1eb05af6d391b4eb0f4c070a99f1d0) Importer(2089858483,0ecaa5967403d082aa24f35e1b516d23) [PhysX] Initialized MultithreadedTaskDispatcher with 32 workers.
 -> (artifact id: 'af75aad81f88076b606a74b711866f9a') in 0.007897 seconds
Number of updated asset objects reloaded before import = 0
Number of asset objects unloaded after import = 1
========================================================================
Received Import Request.
  Time since last request: 0.000011 seconds.
  path: Assets/TextMesh Pro/Examples & Extras/Scenes/06 - Extra Rich Text Examples.unity
  artifactKey: Guid(39a1fa96ad2a449b908fca29d4297a74) Importer(2089858483,0ecaa5967403d082aa24f35e1b516d23)
Start importing Assets/TextMesh Pro/Examples & Extras/Scenes/06 - Extra Rich Text Examples.unity using Guid(39a1fa96ad2a449b908fca29d4297a74) Importer(2089858483,0ecaa5967403d082aa24f35e1b516d23) [PhysX] Initialized MultithreadedTaskDispatcher with 32 workers.
 -> (artifact id: 'a47221bf94d3ed1217d857bf10bb9f6e') in 0.006733 seconds
Number of updated asset objects reloaded before import = 0
Number of asset objects unloaded after import = 1
========================================================================
Received Import Request.
  Time since last request: 0.000235 seconds.
  path: Assets/TextMesh Pro/Examples & Extras/Scenes/Benchmark (Floating Text).unity
  artifactKey: Guid(16177da2e3254cee91944756d5f8ddd3) Importer(2089858483,0ecaa5967403d082aa24f35e1b516d23)
Start importing Assets/TextMesh Pro/Examples & Extras/Scenes/Benchmark (Floating Text).unity using Guid(16177da2e3254cee91944756d5f8ddd3) Importer(2089858483,0ecaa5967403d082aa24f35e1b516d23) [PhysX] Initialized MultithreadedTaskDispatcher with 32 workers.
 -> (artifact id: '7e108dde007c9239d5d3bf69ecc25f09') in 0.006447 seconds
Number of updated asset objects reloaded before import = 0
Number of asset objects unloaded after import = 1
========================================================================
Received Import Request.
  Time since last request: 0.000014 seconds.
  path: Assets/TextMesh Pro/Examples & Extras/Scripts/Benchmark01_UGUI.cs
  artifactKey: Guid(8ef7be1c625941f7ba8ed7cc71718c0d) Importer(2089858483,0ecaa5967403d082aa24f35e1b516d23)
Start importing Assets/TextMesh Pro/Examples & Extras/Scripts/Benchmark01_UGUI.cs using Guid(8ef7be1c625941f7ba8ed7cc71718c0d) Importer(2089858483,0ecaa5967403d082aa24f35e1b516d23) [PhysX] Initialized MultithreadedTaskDispatcher with 32 workers.
 -> (artifact id: '26f32a82f07cd397cf29cb47e1c32452') in 0.008025 seconds
Number of updated asset objects reloaded before import = 0
Number of asset objects unloaded after import = 1
========================================================================
Received Import Request.
  Time since last request: 0.000018 seconds.
  path: Assets/TextMesh Pro/Examples & Extras/Scripts/Benchmark04.cs
  artifactKey: Guid(dc20866c0d5e413ab7559440e15333ae) Importer(2089858483,0ecaa5967403d082aa24f35e1b516d23)
Start importing Assets/TextMesh Pro/Examples & Extras/Scripts/Benchmark04.cs using Guid(dc20866c0d5e413ab7559440e15333ae) Importer(2089858483,0ecaa5967403d082aa24f35e1b516d23) [PhysX] Initialized MultithreadedTaskDispatcher with 32 workers.
 -> (artifact id: '9138177a9d27ae1fe15805525b4e40e0') in 0.008926 seconds
Number of updated asset objects reloaded before import = 0
Number of asset objects unloaded after import = 1
========================================================================
Received Import Request.
  Time since last request: 0.000021 seconds.
  path: Assets/TextMesh Pro/Examples & Extras/Scripts/TeleType.cs
  artifactKey: Guid(e32c266ee6204b21a427753cb0694c81) Importer(2089858483,0ecaa5967403d082aa24f35e1b516d23)
Start importing Assets/TextMesh Pro/Examples & Extras/Scripts/TeleType.cs using Guid(e32c266ee6204b21a427753cb0694c81) Importer(2089858483,0ecaa5967403d082aa24f35e1b516d23) [PhysX] Initialized MultithreadedTaskDispatcher with 32 workers.
 -> (artifact id: '405a4c7ffb8ec606e3cf184c37845bfd') in 0.008084 seconds
Number of updated asset objects reloaded before import = 0
Number of asset objects unloaded after import = 1
========================================================================
Received Import Request.
  Time since last request: 0.000013 seconds.
  path: Assets/TextMesh Pro/Examples & Extras/Materials/Ground - Surface Shader Scene.mat
  artifactKey: Guid(aadd5a709a48466c887296bb5b1b8110) Importer(2089858483,0ecaa5967403d082aa24f35e1b516d23)
Start importing Assets/TextMesh Pro/Examples & Extras/Materials/Ground - Surface Shader Scene.mat using Guid(aadd5a709a48466c887296bb5b1b8110) Importer(2089858483,0ecaa5967403d082aa24f35e1b516d23) [PhysX] Initialized MultithreadedTaskDispatcher with 32 workers.
 -> (artifact id: '4f403026693b61936978296d8800ff7e') in 0.029326 seconds
Number of updated asset objects reloaded before import = 0
Number of asset objects unloaded after import = 2
========================================================================
Received Import Request.
  Time since last request: 0.000013 seconds.
  path: Assets/TextMesh Pro/Examples & Extras/Materials/Crate - Surface Shader Scene.mat
  artifactKey: Guid(e6b9b44320f4448d9d5e0ee634259966) Importer(2089858483,0ecaa5967403d082aa24f35e1b516d23)
Start importing Assets/TextMesh Pro/Examples & Extras/Materials/Crate - Surface Shader Scene.mat using Guid(e6b9b44320f4448d9d5e0ee634259966) Importer(2089858483,0ecaa5967403d082aa24f35e1b516d23) [PhysX] Initialized MultithreadedTaskDispatcher with 32 workers.
 -> (artifact id: 'af8bd1615f21a08584c38e3824e682e9') in 0.014293 seconds
Number of updated asset objects reloaded before import = 0
Number of asset objects unloaded after import = 3
========================================================================
Received Import Request.
  Time since last request: 0.000020 seconds.
  path: Assets/TextMesh Pro/Examples & Extras/Scenes/03 - Line Justification.unity
  artifactKey: Guid(21a509e1d3cd49978623fa564adb6f02) Importer(2089858483,0ecaa5967403d082aa24f35e1b516d23)
Start importing Assets/TextMesh Pro/Examples & Extras/Scenes/03 - Line Justification.unity using Guid(21a509e1d3cd49978623fa564adb6f02) Importer(2089858483,0ecaa5967403d082aa24f35e1b516d23) [PhysX] Initialized MultithreadedTaskDispatcher with 32 workers.
 -> (artifact id: '3b515cb24aaaf32c32d4c51ad05f9c87') in 0.007741 seconds
Number of updated asset objects reloaded before import = 0
Number of asset objects unloaded after import = 1
========================================================================
Received Import Request.
  Time since last request: 0.000096 seconds.
  path: Assets/TextMesh Pro/Examples & Extras/Scenes/07 - Superscript & Subscript Example.unity
  artifactKey: Guid(03ec435d4b7140e9b2d87f79136d8374) Importer(2089858483,0ecaa5967403d082aa24f35e1b516d23)
Start importing Assets/TextMesh Pro/Examples & Extras/Scenes/07 - Superscript & Subscript Example.unity using Guid(03ec435d4b7140e9b2d87f79136d8374) Importer(2089858483,0ecaa5967403d082aa24f35e1b516d23) [PhysX] Initialized MultithreadedTaskDispatcher with 32 workers.
 -> (artifact id: '9645824211c0d988979e8b56c6a2a7ac') in 0.007457 seconds
Number of updated asset objects reloaded before import = 0
Number of asset objects unloaded after import = 1
========================================================================
Received Import Request.
  Time since last request: 0.000010 seconds.
  path: Assets/TextMesh Pro/Documentation/TextMesh Pro User Guide 2016.pdf
  artifactKey: Guid(1b8d251f9af63b746bf2f7ffe00ebb9b) Importer(2089858483,0ecaa5967403d082aa24f35e1b516d23)
Start importing Assets/TextMesh Pro/Documentation/TextMesh Pro User Guide 2016.pdf using Guid(1b8d251f9af63b746bf2f7ffe00ebb9b) Importer(2089858483,0ecaa5967403d082aa24f35e1b516d23) [PhysX] Initialized MultithreadedTaskDispatcher with 32 workers.
 -> (artifact id: '6fe30705a4cf69d9ff88e2fefd6f5a98') in 0.008504 seconds
Number of updated asset objects reloaded before import = 0
Number of asset objects unloaded after import = 1
========================================================================
Received Import Request.
  Time since last request: 0.000021 seconds.
  path: Assets/TextMesh Pro/Examples & Extras/Scripts/Benchmark02.cs
  artifactKey: Guid(e8538afcddc14efbb5d9e94b7ae50197) Importer(2089858483,0ecaa5967403d082aa24f35e1b516d23)
Start importing Assets/TextMesh Pro/Examples & Extras/Scripts/Benchmark02.cs using Guid(e8538afcddc14efbb5d9e94b7ae50197) Importer(2089858483,0ecaa5967403d082aa24f35e1b516d23) [PhysX] Initialized MultithreadedTaskDispatcher with 32 workers.
 -> (artifact id: 'e57c3405ecb00a346a989b6f4a174487') in 0.009949 seconds
Number of updated asset objects reloaded before import = 0
Number of asset objects unloaded after import = 1
========================================================================
Received Import Request.
  Time since last request: 0.000048 seconds.
  path: Assets/TextMesh Pro/Examples & Extras/Scripts/TextMeshProFloatingText.cs
  artifactKey: Guid(a4d4c76e63944cba8c7d00f56334b98c) Importer(2089858483,0ecaa5967403d082aa24f35e1b516d23)
Start importing Assets/TextMesh Pro/Examples & Extras/Scripts/TextMeshProFloatingText.cs using Guid(a4d4c76e63944cba8c7d00f56334b98c) Importer(2089858483,0ecaa5967403d082aa24f35e1b516d23) [PhysX] Initialized MultithreadedTaskDispatcher with 32 workers.
 -> (artifact id: 'b37c3355c06922d883c062f2fab97f13') in 0.008204 seconds
Number of updated asset objects reloaded before import = 0
Number of asset objects unloaded after import = 1
========================================================================
Received Import Request.
  Time since last request: 0.000028 seconds.
  path: Assets/TextMesh Pro/Examples & Extras/Scenes/08 - Improved Text Alignment.unity
  artifactKey: Guid(5fe2257128d9401fad0790f581dc8a6f) Importer(2089858483,0ecaa5967403d082aa24f35e1b516d23)
Start importing Assets/TextMesh Pro/Examples & Extras/Scenes/08 - Improved Text Alignment.unity using Guid(5fe2257128d9401fad0790f581dc8a6f) Importer(2089858483,0ecaa5967403d082aa24f35e1b516d23) [PhysX] Initialized MultithreadedTaskDispatcher with 32 workers.
 -> (artifact id: 'b6a8db27f1ba94c9464fae6d5da7f240') in 0.008228 seconds
Number of updated asset objects reloaded before import = 0
Number of asset objects unloaded after import = 1
========================================================================
Received Import Request.
  Time since last request: 0.000032 seconds.
  path: Assets/TextMesh Pro/Sprites/EmojiOne Attribution.txt
  artifactKey: Guid(381dcb09d5029d14897e55f98031fca5) Importer(2089858483,0ecaa5967403d082aa24f35e1b516d23)
Start importing Assets/TextMesh Pro/Sprites/EmojiOne Attribution.txt using Guid(381dcb09d5029d14897e55f98031fca5) Importer(2089858483,0ecaa5967403d082aa24f35e1b516d23) [PhysX] Initialized MultithreadedTaskDispatcher with 32 workers.
 -> (artifact id: '6b2a9335db5b19a72d307620acafea89') in 0.007545 seconds
Number of updated asset objects reloaded before import = 0
Number of asset objects unloaded after import = 1
========================================================================
Received Import Request.
  Time since last request: 0.000057 seconds.
  path: Assets/TextMesh Pro/Shaders/TMP_SDF-Mobile Masking.shader
  artifactKey: Guid(bc1ede39bf3643ee8e493720e4259791) Importer(2089858483,0ecaa5967403d082aa24f35e1b516d23)
Start importing Assets/TextMesh Pro/Shaders/TMP_SDF-Mobile Masking.shader using Guid(bc1ede39bf3643ee8e493720e4259791) Importer(2089858483,0ecaa5967403d082aa24f35e1b516d23) [PhysX] Initialized MultithreadedTaskDispatcher with 32 workers.
 -> (artifact id: 'dc37a85d5429a596063dceb0c1729c2a') in 0.011244 seconds
Number of updated asset objects reloaded before import = 0
Number of asset objects unloaded after import = 1
========================================================================
Received Import Request.
  Time since last request: 0.000035 seconds.
  path: Assets/TextMesh Pro/Examples & Extras/Scripts/CameraController.cs
  artifactKey: Guid(2d687537154440a3913a9a3c7977978c) Importer(2089858483,0ecaa5967403d082aa24f35e1b516d23)
Start importing Assets/TextMesh Pro/Examples & Extras/Scripts/CameraController.cs using Guid(2d687537154440a3913a9a3c7977978c) Importer(2089858483,0ecaa5967403d082aa24f35e1b516d23) [PhysX] Initialized MultithreadedTaskDispatcher with 32 workers.
 -> (artifact id: '9d33d5d0bced7b829ced2d760ab0637c') in 0.008854 seconds
Number of updated asset objects reloaded before import = 0
Number of asset objects unloaded after import = 1
========================================================================
Received Import Request.
  Time since last request: 0.000014 seconds.
  path: Assets/TextMesh Pro/Shaders/TMPro_Surface.cginc
  artifactKey: Guid(d930090c0cd643c7b55f19a38538c162) Importer(2089858483,0ecaa5967403d082aa24f35e1b516d23)
Start importing Assets/TextMesh Pro/Shaders/TMPro_Surface.cginc using Guid(d930090c0cd643c7b55f19a38538c162) Importer(2089858483,0ecaa5967403d082aa24f35e1b516d23) [PhysX] Initialized MultithreadedTaskDispatcher with 32 workers.
 -> (artifact id: 'd065893e98743e386446e7e615f930ed') in 0.011040 seconds
Number of updated asset objects reloaded before import = 0
Number of asset objects unloaded after import = 1
========================================================================
Received Import Request.
  Time since last request: 0.000027 seconds.
  path: Assets/TextMesh Pro/Examples & Extras/Scenes/15 - Inline Graphics & Sprites.unity
  artifactKey: Guid(e76e6c0f81964cbda3fe0b7d26ed8060) Importer(2089858483,0ecaa5967403d082aa24f35e1b516d23)
Start importing Assets/TextMesh Pro/Examples & Extras/Scenes/15 - Inline Graphics & Sprites.unity using Guid(e76e6c0f81964cbda3fe0b7d26ed8060) Importer(2089858483,0ecaa5967403d082aa24f35e1b516d23) [PhysX] Initialized MultithreadedTaskDispatcher with 32 workers.
 -> (artifact id: '6b4123a10fadf555932692e4ad66d4b6') in 0.007457 seconds
Number of updated asset objects reloaded before import = 0
Number of asset objects unloaded after import = 1
========================================================================
Received Import Request.
  Time since last request: 0.000015 seconds.
  path: Assets/TextMesh Pro/Shaders/TMP_Bitmap.shader
  artifactKey: Guid(128e987d567d4e2c824d754223b3f3b0) Importer(2089858483,0ecaa5967403d082aa24f35e1b516d23)
Start importing Assets/TextMesh Pro/Shaders/TMP_Bitmap.shader using Guid(128e987d567d4e2c824d754223b3f3b0) Importer(2089858483,0ecaa5967403d082aa24f35e1b516d23) [PhysX] Initialized MultithreadedTaskDispatcher with 32 workers.
 -> (artifact id: 'ec3977571d2546358fc0e1ea765bc068') in 0.008757 seconds
Number of updated asset objects reloaded before import = 0
Number of asset objects unloaded after import = 1
========================================================================
Received Import Request.
  Time since last request: 0.000013 seconds.
  path: Assets/TextMesh Pro/Fonts/LiberationSans.ttf
  artifactKey: Guid(e3265ab4bf004d28a9537516768c1c75) Importer(2089858483,0ecaa5967403d082aa24f35e1b516d23)
Start importing Assets/TextMesh Pro/Fonts/LiberationSans.ttf using Guid(e3265ab4bf004d28a9537516768c1c75) Importer(2089858483,0ecaa5967403d082aa24f35e1b516d23) [PhysX] Initialized MultithreadedTaskDispatcher with 32 workers.
 -> (artifact id: '405842db0bd14bbabb68a9903331799a') in 0.016106 seconds
Number of updated asset objects reloaded before import = 0
Number of asset objects unloaded after import = 3
========================================================================
Received Import Request.
  Time since last request: 0.000014 seconds.
  path: Assets/TextMesh Pro/Examples & Extras/Scenes/23 - Animating Vertex Attributes.unity
  artifactKey: Guid(54e994244b4b467e8583cf2da6dcc716) Importer(2089858483,0ecaa5967403d082aa24f35e1b516d23)
Start importing Assets/TextMesh Pro/Examples & Extras/Scenes/23 - Animating Vertex Attributes.unity using Guid(54e994244b4b467e8583cf2da6dcc716) Importer(2089858483,0ecaa5967403d082aa24f35e1b516d23) [PhysX] Initialized MultithreadedTaskDispatcher with 32 workers.
 -> (artifact id: 'cc3ca2e23625972d0e9076ed0408ae77') in 0.008043 seconds
Number of updated asset objects reloaded before import = 0
Number of asset objects unloaded after import = 1
========================================================================
Received Import Request.
  Time since last request: 0.000020 seconds.
  path: Assets/TextMesh Pro/Shaders/TMP_SDF Overlay.shader
  artifactKey: Guid(dd89cf5b9246416f84610a006f916af7) Importer(2089858483,0ecaa5967403d082aa24f35e1b516d23)
Start importing Assets/TextMesh Pro/Shaders/TMP_SDF Overlay.shader using Guid(dd89cf5b9246416f84610a006f916af7) Importer(2089858483,0ecaa5967403d082aa24f35e1b516d23) [PhysX] Initialized MultithreadedTaskDispatcher with 32 workers.
 -> (artifact id: 'fe6eddf39ebb8d296631bd1d43d11f95') in 0.010300 seconds
Number of updated asset objects reloaded before import = 0
Number of asset objects unloaded after import = 1
========================================================================
Received Import Request.
  Time since last request: 0.000018 seconds.
  path: Assets/TextMesh Pro/Shaders/TMP_SDF-Mobile SSD.shader
  artifactKey: Guid(c8d12adcee749c344b8117cf7c7eb912) Importer(2089858483,0ecaa5967403d082aa24f35e1b516d23)
Start importing Assets/TextMesh Pro/Shaders/TMP_SDF-Mobile SSD.shader using Guid(c8d12adcee749c344b8117cf7c7eb912) Importer(2089858483,0ecaa5967403d082aa24f35e1b516d23) [PhysX] Initialized MultithreadedTaskDispatcher with 32 workers.
 -> (artifact id: '906abdf563a4c67882cd6f76e994544c') in 0.010572 seconds
Number of updated asset objects reloaded before import = 0
Number of asset objects unloaded after import = 1
========================================================================
Received Import Request.
  Time since last request: 0.000014 seconds.
  path: Assets/TextMesh Pro/Examples & Extras/Scenes/24 - Surface Shader Example.unity
  artifactKey: Guid(8c4969fd8ba94a68b07cf11f3e7a5137) Importer(2089858483,0ecaa5967403d082aa24f35e1b516d23)
Start importing Assets/TextMesh Pro/Examples & Extras/Scenes/24 - Surface Shader Example.unity using Guid(8c4969fd8ba94a68b07cf11f3e7a5137) Importer(2089858483,0ecaa5967403d082aa24f35e1b516d23) [PhysX] Initialized MultithreadedTaskDispatcher with 32 workers.
 -> (artifact id: 'e2783d02a4d7e8040bea7954781295ea') in 0.011387 seconds
Number of updated asset objects reloaded before import = 0
Number of asset objects unloaded after import = 1
========================================================================
Received Import Request.
  Time since last request: 0.000016 seconds.
  path: Assets/TextMesh Pro/Resources/LineBreaking Following Characters.txt
  artifactKey: Guid(fade42e8bc714b018fac513c043d323b) Importer(2089858483,0ecaa5967403d082aa24f35e1b516d23)
Start importing Assets/TextMesh Pro/Resources/LineBreaking Following Characters.txt using Guid(fade42e8bc714b018fac513c043d323b) Importer(2089858483,0ecaa5967403d082aa24f35e1b516d23) [PhysX] Initialized MultithreadedTaskDispatcher with 32 workers.
 -> (artifact id: 'e2bb43089a1e159e24d5f442ce838b3f') in 0.009573 seconds
Number of updated asset objects reloaded before import = 0
Number of asset objects unloaded after import = 1
========================================================================
Received Import Request.
  Time since last request: 0.000022 seconds.
  path: Assets/TextMesh Pro/Examples & Extras/Scenes/11 - The Style Tag.unity
  artifactKey: Guid(84ed36ad77dd4956b2ffe3769f759879) Importer(2089858483,0ecaa5967403d082aa24f35e1b516d23)
Start importing Assets/TextMesh Pro/Examples & Extras/Scenes/11 - The Style Tag.unity using Guid(84ed36ad77dd4956b2ffe3769f759879) Importer(2089858483,0ecaa5967403d082aa24f35e1b516d23) [PhysX] Initialized MultithreadedTaskDispatcher with 32 workers.
 -> (artifact id: 'c4bd7fd86de51b5d51df1898d82a3841') in 0.008926 seconds
Number of updated asset objects reloaded before import = 0
Number of asset objects unloaded after import = 1
========================================================================
Received Import Request.
  Time since last request: 0.000026 seconds.
  path: Assets/TextMesh Pro/Examples & Extras/Scenes/18 - ScrollRect & Masking & Layout.unity
  artifactKey: Guid(03f9d74cec8e4b94a29d2dfd177c821b) Importer(2089858483,0ecaa5967403d082aa24f35e1b516d23)
Start importing Assets/TextMesh Pro/Examples & Extras/Scenes/18 - ScrollRect & Masking & Layout.unity using Guid(03f9d74cec8e4b94a29d2dfd177c821b) Importer(2089858483,0ecaa5967403d082aa24f35e1b516d23) [PhysX] Initialized MultithreadedTaskDispatcher with 32 workers.
 -> (artifact id: '6f36d5f105eef41b22e8c5d2b4d38bab') in 0.007909 seconds
Number of updated asset objects reloaded before import = 0
Number of asset objects unloaded after import = 1
========================================================================
Received Import Request.
  Time since last request: 0.000014 seconds.
  path: Assets/TextMesh Pro/Examples & Extras/Fonts/Anton.ttf
  artifactKey: Guid(997a43b767814dd0a7642ec9b78cba41) Importer(2089858483,0ecaa5967403d082aa24f35e1b516d23)
Start importing Assets/TextMesh Pro/Examples & Extras/Fonts/Anton.ttf using Guid(997a43b767814dd0a7642ec9b78cba41) Importer(2089858483,0ecaa5967403d082aa24f35e1b516d23) [PhysX] Initialized MultithreadedTaskDispatcher with 32 workers.
 -> (artifact id: 'b6eb400680ac349250f3584af551dcab') in 0.011104 seconds
Number of updated asset objects reloaded before import = 0
Number of asset objects unloaded after import = 3
========================================================================
Received Import Request.
  Time since last request: 0.000014 seconds.
  path: Assets/TextMesh Pro/Examples & Extras/Fonts/Bangers.ttf
  artifactKey: Guid(5dd49b3eacc540408c98eee0de38e0f1) Importer(2089858483,0ecaa5967403d082aa24f35e1b516d23)
Start importing Assets/TextMesh Pro/Examples & Extras/Fonts/Bangers.ttf using Guid(5dd49b3eacc540408c98eee0de38e0f1) Importer(2089858483,0ecaa5967403d082aa24f35e1b516d23) [PhysX] Initialized MultithreadedTaskDispatcher with 32 workers.
 -> (artifact id: '28a399eda372e42f16b5fa67744b6422') in 0.010592 seconds
Number of updated asset objects reloaded before import = 0
Number of asset objects unloaded after import = 3
========================================================================
Received Import Request.
  Time since last request: 0.000013 seconds.
  path: Assets/TextMesh Pro/Examples & Extras/Textures/Gradient Horizontal (Color).jpg
  artifactKey: Guid(6eb184de103d4b3f812b38561065192f) Importer(2089858483,0ecaa5967403d082aa24f35e1b516d23)
Start importing Assets/TextMesh Pro/Examples & Extras/Textures/Gradient Horizontal (Color).jpg using Guid(6eb184de103d4b3f812b38561065192f) Importer(2089858483,0ecaa5967403d082aa24f35e1b516d23) [PhysX] Initialized MultithreadedTaskDispatcher with 32 workers.
 -> (artifact id: '6bd4172589089b5259321dff3837f03c') in 0.032454 seconds
Number of updated asset objects reloaded before import = 0
Number of asset objects unloaded after import = 1
========================================================================
Received Import Request.
  Time since last request: 0.000034 seconds.
  path: Assets/TextMesh Pro/Examples & Extras/Resources/Fonts & Materials/Oswald Bold SDF.asset
  artifactKey: Guid(0161d805a3764c089bef00bfe00793f5) Importer(2089858483,0ecaa5967403d082aa24f35e1b516d23)
Start importing Assets/TextMesh Pro/Examples & Extras/Resources/Fonts & Materials/Oswald Bold SDF.asset using Guid(0161d805a3764c089bef00bfe00793f5) Importer(2089858483,0ecaa5967403d082aa24f35e1b516d23) [PhysX] Initialized MultithreadedTaskDispatcher with 32 workers.
 -> (artifact id: 'daae4e12fb969148d2562d6a8a92ab43') in 0.027600 seconds
Number of updated asset objects reloaded before import = 0
Number of asset objects unloaded after import = 5
========================================================================
Received Import Request.
  Time since last request: 0.000019 seconds.
  path: Assets/TextMesh Pro/Examples & Extras/Resources/Fonts & Materials/Bangers SDF - Drop Shadow.mat
  artifactKey: Guid(f2dcf029949142e28b974630369c8b4e) Importer(2089858483,0ecaa5967403d082aa24f35e1b516d23)
Start importing Assets/TextMesh Pro/Examples & Extras/Resources/Fonts & Materials/Bangers SDF - Drop Shadow.mat using Guid(f2dcf029949142e28b974630369c8b4e) Importer(2089858483,0ecaa5967403d082aa24f35e1b516d23) [PhysX] Initialized MultithreadedTaskDispatcher with 32 workers.
 -> (artifact id: '8ed9e3b805af01f3d9065bd0f50663f1') in 0.014905 seconds
Number of updated asset objects reloaded before import = 0
Number of asset objects unloaded after import = 2
========================================================================
Received Import Request.
  Time since last request: 0.000029 seconds.
  path: Assets/TextMesh Pro/Examples & Extras/Resources/Fonts & Materials/Bangers SDF Logo.mat
  artifactKey: Guid(f4e195ac1e204eff960149d1cb34e18c) Importer(2089858483,0ecaa5967403d082aa24f35e1b516d23)
Start importing Assets/TextMesh Pro/Examples & Extras/Resources/Fonts & Materials/Bangers SDF Logo.mat using Guid(f4e195ac1e204eff960149d1cb34e18c) Importer(2089858483,0ecaa5967403d082aa24f35e1b516d23) [PhysX] Initialized MultithreadedTaskDispatcher with 32 workers.
 -> (artifact id: 'be5ea1e8793ff21f108d2ec7a72d8bcc') in 0.012608 seconds
Number of updated asset objects reloaded before import = 0
Number of asset objects unloaded after import = 4
========================================================================
Received Import Request.
  Time since last request: 0.000022 seconds.
  path: Assets/TextMesh Pro/Examples & Extras/Scripts/VertexJitter.cs
  artifactKey: Guid(2ed57967c52645d390a89dcf8f61ba73) Importer(2089858483,0ecaa5967403d082aa24f35e1b516d23)
Start importing Assets/TextMesh Pro/Examples & Extras/Scripts/VertexJitter.cs using Guid(2ed57967c52645d390a89dcf8f61ba73) Importer(2089858483,0ecaa5967403d082aa24f35e1b516d23) [PhysX] Initialized MultithreadedTaskDispatcher with 32 workers.
 -> (artifact id: '3f531924669c8b32634ec40e3c3348d6') in 0.014158 seconds
Number of updated asset objects reloaded before import = 0
Number of asset objects unloaded after import = 1
========================================================================
Received Import Request.
  Time since last request: 0.000056 seconds.
  path: Assets/TextMesh Pro/Examples & Extras/Textures/Wipe Pattern - Diagonal.psd
  artifactKey: Guid(ed5290d8df18488780e2996b9b882f01) Importer(2089858483,0ecaa5967403d082aa24f35e1b516d23)
Start importing Assets/TextMesh Pro/Examples & Extras/Textures/Wipe Pattern - Diagonal.psd using Guid(ed5290d8df18488780e2996b9b882f01) Importer(2089858483,0ecaa5967403d082aa24f35e1b516d23) [PhysX] Initialized MultithreadedTaskDispatcher with 32 workers.
 -> (artifact id: 'b76f1361242d4116fa3770cddf9df05d') in 0.021182 seconds
Number of updated asset objects reloaded before import = 0
Number of asset objects unloaded after import = 1
========================================================================
Received Import Request.
  Time since last request: 0.000024 seconds.
  path: Assets/TextMesh Pro/Examples & Extras/Textures/Floor Tiles 1 - diffuse.jpg
  artifactKey: Guid(85ac55597b97403c82fc6601a93cf241) Importer(2089858483,0ecaa5967403d082aa24f35e1b516d23)
Start importing Assets/TextMesh Pro/Examples & Extras/Textures/Floor Tiles 1 - diffuse.jpg using Guid(85ac55597b97403c82fc6601a93cf241) Importer(2089858483,0ecaa5967403d082aa24f35e1b516d23) [PhysX] Initialized MultithreadedTaskDispatcher with 32 workers.
 -> (artifact id: 'b16e31bd80b011eb1015b984247c4f63') in 0.019652 seconds
Number of updated asset objects reloaded before import = 0
Number of asset objects unloaded after import = 1
========================================================================
Received Import Request.
  Time since last request: 0.000014 seconds.
  path: Assets/TextMesh Pro/Examples & Extras/Textures/Wipe Pattern - Circle.psd
  artifactKey: Guid(10c49fcd9c64421db7c0133e61e55f97) Importer(2089858483,0ecaa5967403d082aa24f35e1b516d23)
Start importing Assets/TextMesh Pro/Examples & Extras/Textures/Wipe Pattern - Circle.psd using Guid(10c49fcd9c64421db7c0133e61e55f97) Importer(2089858483,0ecaa5967403d082aa24f35e1b516d23) [PhysX] Initialized MultithreadedTaskDispatcher with 32 workers.
 -> (artifact id: '9c3363c61ed83056d06cff26db58b205') in 0.014616 seconds
Number of updated asset objects reloaded before import = 0
Number of asset objects unloaded after import = 1
========================================================================
Received Import Request.
  Time since last request: 0.000012 seconds.
  path: Assets/TextMesh Pro/Examples & Extras/Resources/Fonts & Materials/Anton SDF - Sunny Days.mat
  artifactKey: Guid(6522f30e342599e4e9dd4cc2cc03c830) Importer(2089858483,0ecaa5967403d082aa24f35e1b516d23)
Start importing Assets/TextMesh Pro/Examples & Extras/Resources/Fonts & Materials/Anton SDF - Sunny Days.mat using Guid(6522f30e342599e4e9dd4cc2cc03c830) Importer(2089858483,0ecaa5967403d082aa24f35e1b516d23) [PhysX] Initialized MultithreadedTaskDispatcher with 32 workers.
 -> (artifact id: '34642031fc1fafa5aad2686c1690f869') in 0.012396 seconds
Number of updated asset objects reloaded before import = 0
Number of asset objects unloaded after import = 4
========================================================================
Received Import Request.
  Time since last request: 0.000018 seconds.
  path: Assets/TextMesh Pro/Examples & Extras/Resources/Sprite Assets/DropCap Numbers.asset
  artifactKey: Guid(14aa93acbb234d16aaef0e8b46814db6) Importer(2089858483,0ecaa5967403d082aa24f35e1b516d23)
Start importing Assets/TextMesh Pro/Examples & Extras/Resources/Sprite Assets/DropCap Numbers.asset using Guid(14aa93acbb234d16aaef0e8b46814db6) Importer(2089858483,0ecaa5967403d082aa24f35e1b516d23) [PhysX] Initialized MultithreadedTaskDispatcher with 32 workers.
 -> (artifact id: 'd9d5ab74e460da50035bf18ba9250751') in 0.015522 seconds
Number of updated asset objects reloaded before import = 0
Number of asset objects unloaded after import = 3
========================================================================
Received Import Request.
  Time since last request: 0.000017 seconds.
  path: Assets/TextMesh Pro/Examples & Extras/Textures/Small Crate_diffuse.jpg
  artifactKey: Guid(602cb87b6a29443b8636370ea0751574) Importer(2089858483,0ecaa5967403d082aa24f35e1b516d23)
Start importing Assets/TextMesh Pro/Examples & Extras/Textures/Small Crate_diffuse.jpg using Guid(602cb87b6a29443b8636370ea0751574) Importer(2089858483,0ecaa5967403d082aa24f35e1b516d23) [PhysX] Initialized MultithreadedTaskDispatcher with 32 workers.
 -> (artifact id: 'aebdb24cf26cbf797ab28e527ecc8106') in 0.016570 seconds
Number of updated asset objects reloaded before import = 0
Number of asset objects unloaded after import = 1
========================================================================
Received Import Request.
  Time since last request: 0.000018 seconds.
  path: Assets/TextMesh Pro/Examples & Extras/Textures/Floor Cement.jpg
  artifactKey: Guid(283f897e4925411ebbaa758b4cb13fc2) Importer(2089858483,0ecaa5967403d082aa24f35e1b516d23)
Start importing Assets/TextMesh Pro/Examples & Extras/Textures/Floor Cement.jpg using Guid(283f897e4925411ebbaa758b4cb13fc2) Importer(2089858483,0ecaa5967403d082aa24f35e1b516d23) [PhysX] Initialized MultithreadedTaskDispatcher with 32 workers.
 -> (artifact id: 'e602cd77c1a3d13062e6d894094b6926') in 0.015019 seconds
Number of updated asset objects reloaded before import = 0
Number of asset objects unloaded after import = 1
========================================================================
Received Import Request.
  Time since last request: 0.000013 seconds.
  path: Assets/TextMesh Pro/Examples & Extras/Resources/Color Gradient Presets/Light to Dark Green - Vertical.asset
  artifactKey: Guid(5cf8ae092ca54931b443bec5148f3c59) Importer(2089858483,0ecaa5967403d082aa24f35e1b516d23)
Start importing Assets/TextMesh Pro/Examples & Extras/Resources/Color Gradient Presets/Light to Dark Green - Vertical.asset using Guid(5cf8ae092ca54931b443bec5148f3c59) Importer(2089858483,0ecaa5967403d082aa24f35e1b516d23) [PhysX] Initialized MultithreadedTaskDispatcher with 32 workers.
 -> (artifact id: '5afd73d2a212dd5256ecbef3831bbfd6') in 0.010944 seconds
Number of updated asset objects reloaded before import = 0
Number of asset objects unloaded after import = 1
========================================================================
Received Import Request.
  Time since last request: 0.000016 seconds.
  path: Assets/TextMesh Pro/Resources/Fonts & Materials/LiberationSans SDF - Fallback.asset
  artifactKey: Guid(2e498d1c8094910479dc3e1b768306a4) Importer(2089858483,0ecaa5967403d082aa24f35e1b516d23)
Start importing Assets/TextMesh Pro/Resources/Fonts & Materials/LiberationSans SDF - Fallback.asset using Guid(2e498d1c8094910479dc3e1b768306a4) Importer(2089858483,0ecaa5967403d082aa24f35e1b516d23) [PhysX] Initialized MultithreadedTaskDispatcher with 32 workers.
 -> (artifact id: '4278090d6917852b2a8a94f4b2035ad5') in 0.016742 seconds
Number of updated asset objects reloaded before import = 0
Number of asset objects unloaded after import = 5
========================================================================
Received Import Request.
  Time since last request: 0.000027 seconds.
  path: Assets/TextMesh Pro/Resources/Fonts & Materials/LiberationSans SDF.asset
  artifactKey: Guid(8f586378b4e144a9851e7b34d9b748ee) Importer(2089858483,0ecaa5967403d082aa24f35e1b516d23)
Start importing Assets/TextMesh Pro/Resources/Fonts & Materials/LiberationSans SDF.asset using Guid(8f586378b4e144a9851e7b34d9b748ee) Importer(2089858483,0ecaa5967403d082aa24f35e1b516d23) [PhysX] Initialized MultithreadedTaskDispatcher with 32 workers.
 -> (artifact id: 'd3029d37b08735bf5c03f4541e8bfde4') in 0.027335 seconds
Number of updated asset objects reloaded before import = 0
Number of asset objects unloaded after import = 8
========================================================================
Received Import Request.
  Time since last request: 0.000029 seconds.
  path: Assets/TextMesh Pro/Examples & Extras/Scripts/Benchmark03.cs
  artifactKey: Guid(a73109742c8d47ac822895a473300c29) Importer(2089858483,0ecaa5967403d082aa24f35e1b516d23)
Start importing Assets/TextMesh Pro/Examples & Extras/Scripts/Benchmark03.cs using Guid(a73109742c8d47ac822895a473300c29) Importer(2089858483,0ecaa5967403d082aa24f35e1b516d23) [PhysX] Initialized MultithreadedTaskDispatcher with 32 workers.
 -> (artifact id: '8c1e9b0adce5e7ff7908c17f163e8f86') in 0.011993 seconds
Number of updated asset objects reloaded before import = 0
Number of asset objects unloaded after import = 1
========================================================================
Received Import Request.
  Time since last request: 0.000018 seconds.
  path: Assets/TextMesh Pro/Examples & Extras/Scripts/TextMeshSpawner.cs
  artifactKey: Guid(76c11bbcfddf44e0ba17d6c2751c8d84) Importer(2089858483,0ecaa5967403d082aa24f35e1b516d23)
Start importing Assets/TextMesh Pro/Examples & Extras/Scripts/TextMeshSpawner.cs using Guid(76c11bbcfddf44e0ba17d6c2751c8d84) Importer(2089858483,0ecaa5967403d082aa24f35e1b516d23) [PhysX] Initialized MultithreadedTaskDispatcher with 32 workers.
 -> (artifact id: '02fb6513f55a9c46d77d0ff1d8e4b400') in 0.009968 seconds
Number of updated asset objects reloaded before import = 0
Number of asset objects unloaded after import = 1
========================================================================
Received Import Request.
  Time since last request: 0.000021 seconds.
  path: Assets/TextMesh Pro/Examples & Extras/Textures/Wipe Pattern - Radial Double.psd
  artifactKey: Guid(7631f4eff8f74ed38eb3eb9db17134e1) Importer(2089858483,0ecaa5967403d082aa24f35e1b516d23)
Start importing Assets/TextMesh Pro/Examples & Extras/Textures/Wipe Pattern - Radial Double.psd using Guid(7631f4eff8f74ed38eb3eb9db17134e1) Importer(2089858483,0ecaa5967403d082aa24f35e1b516d23) [PhysX] Initialized MultithreadedTaskDispatcher with 32 workers.
 -> (artifact id: '0ca415e93d3e944ff2ca1f3c3035ac90') in 0.015405 seconds
Number of updated asset objects reloaded before import = 0
Number of asset objects unloaded after import = 1
========================================================================
Received Import Request.
  Time since last request: 0.000019 seconds.
  path: Assets/TextMesh Pro/Shaders/TMP_Bitmap-Mobile.shader
  artifactKey: Guid(1e3b057af24249748ff873be7fafee47) Importer(2089858483,0ecaa5967403d082aa24f35e1b516d23)
Start importing Assets/TextMesh Pro/Shaders/TMP_Bitmap-Mobile.shader using Guid(1e3b057af24249748ff873be7fafee47) Importer(2089858483,0ecaa5967403d082aa24f35e1b516d23) [PhysX] Initialized MultithreadedTaskDispatcher with 32 workers.
 -> (artifact id: 'cf6ccd2ddb1ceff5a5def067d8fa6f88') in 0.011839 seconds
Number of updated asset objects reloaded before import = 0
Number of asset objects unloaded after import = 1
========================================================================
Received Import Request.
  Time since last request: 0.000016 seconds.
  path: Assets/TextMesh Pro/Resources/Sprite Assets/EmojiOne.asset
  artifactKey: Guid(c41005c129ba4d66911b75229fd70b45) Importer(2089858483,0ecaa5967403d082aa24f35e1b516d23)
Start importing Assets/TextMesh Pro/Resources/Sprite Assets/EmojiOne.asset using Guid(c41005c129ba4d66911b75229fd70b45) Importer(2089858483,0ecaa5967403d082aa24f35e1b516d23) [PhysX] Initialized MultithreadedTaskDispatcher with 32 workers.
 -> (artifact id: '4a5b2c93664b1eb5813d32d5a8ce6f5d') in 0.013539 seconds
Number of updated asset objects reloaded before import = 0
Number of asset objects unloaded after import = 3
========================================================================
Received Import Request.
  Time since last request: 0.000020 seconds.
  path: Assets/TextMesh Pro/Examples & Extras/Resources/Fonts & Materials/Anton SDF - Drop Shadow.mat
  artifactKey: Guid(749b9069dc4742c5bfa5c74644049926) Importer(2089858483,0ecaa5967403d082aa24f35e1b516d23)
Start importing Assets/TextMesh Pro/Examples & Extras/Resources/Fonts & Materials/Anton SDF - Drop Shadow.mat using Guid(749b9069dc4742c5bfa5c74644049926) Importer(2089858483,0ecaa5967403d082aa24f35e1b516d23) [PhysX] Initialized MultithreadedTaskDispatcher with 32 workers.
 -> (artifact id: '77803ca20bb5fad83627bb89539eecf6') in 0.012965 seconds
Number of updated asset objects reloaded before import = 0
Number of asset objects unloaded after import = 2
========================================================================
Received Import Request.
  Time since last request: 0.000020 seconds.
  path: Assets/TextMesh Pro/Examples & Extras/Scenes/21 - Script Example.unity
  artifactKey: Guid(50f52f9274434ecfb34dd87f0836f323) Importer(2089858483,0ecaa5967403d082aa24f35e1b516d23)
Start importing Assets/TextMesh Pro/Examples & Extras/Scenes/21 - Script Example.unity using Guid(50f52f9274434ecfb34dd87f0836f323) Importer(2089858483,0ecaa5967403d082aa24f35e1b516d23) [PhysX] Initialized MultithreadedTaskDispatcher with 32 workers.
 -> (artifact id: 'a22684d17959d3a6e6dc139ad457eb7c') in 0.009804 seconds
Number of updated asset objects reloaded before import = 0
Number of asset objects unloaded after import = 1
========================================================================
Received Import Request.
  Time since last request: 0.000025 seconds.
  path: Assets/TextMesh Pro/Examples & Extras/Textures/Gradient Diagonal (Color).jpg
  artifactKey: Guid(2ce5c55e85304b819a1826ecbc839aa5) Importer(2089858483,0ecaa5967403d082aa24f35e1b516d23)
Start importing Assets/TextMesh Pro/Examples & Extras/Textures/Gradient Diagonal (Color).jpg using Guid(2ce5c55e85304b819a1826ecbc839aa5) Importer(2089858483,0ecaa5967403d082aa24f35e1b516d23) [PhysX] Initialized MultithreadedTaskDispatcher with 32 workers.
 -> (artifact id: '9a138fcf9293df03e1fe39dd1f1032c2') in 0.016956 seconds
Number of updated asset objects reloaded before import = 0
Number of asset objects unloaded after import = 1
========================================================================
Received Import Request.
  Time since last request: 0.000017 seconds.
  path: Assets/TextMesh Pro/Examples & Extras/Resources/Fonts & Materials/Anton SDF.asset
  artifactKey: Guid(8a89fa14b10d46a99122fd4f73fca9a2) Importer(2089858483,0ecaa5967403d082aa24f35e1b516d23)
Start importing Assets/TextMesh Pro/Examples & Extras/Resources/Fonts & Materials/Anton SDF.asset using Guid(8a89fa14b10d46a99122fd4f73fca9a2) Importer(2089858483,0ecaa5967403d082aa24f35e1b516d23) [PhysX] Initialized MultithreadedTaskDispatcher with 32 workers.
 -> (artifact id: '9fbf75fcd52bf4a17b1e07c92a3d3c5b') in 0.017492 seconds
Number of updated asset objects reloaded before import = 0
Number of asset objects unloaded after import = 5
========================================================================
Received Import Request.
  Time since last request: 0.000014 seconds.
  path: Assets/TextMesh Pro/Examples & Extras/Textures/Text Overflow - Linked Text UI Screenshot.png
  artifactKey: Guid(c76d18757a194d618355f05f815cb0a1) Importer(2089858483,0ecaa5967403d082aa24f35e1b516d23)
Start importing Assets/TextMesh Pro/Examples & Extras/Textures/Text Overflow - Linked Text UI Screenshot.png using Guid(c76d18757a194d618355f05f815cb0a1) Importer(2089858483,0ecaa5967403d082aa24f35e1b516d23) [PhysX] Initialized MultithreadedTaskDispatcher with 32 workers.
 -> (artifact id: 'e5e55117317dac6b8330f7932027206a') in 0.015138 seconds
Number of updated asset objects reloaded before import = 0
Number of asset objects unloaded after import = 1
========================================================================
Received Import Request.
  Time since last request: 0.000019 seconds.
  path: Assets/TextMesh Pro/Shaders/TMP_SDF-Surface.shader
  artifactKey: Guid(f7ada0af4f174f0694ca6a487b8f543d) Importer(2089858483,0ecaa5967403d082aa24f35e1b516d23)
Start importing Assets/TextMesh Pro/Shaders/TMP_SDF-Surface.shader using Guid(f7ada0af4f174f0694ca6a487b8f543d) Importer(2089858483,0ecaa5967403d082aa24f35e1b516d23) [PhysX] Initialized MultithreadedTaskDispatcher with 32 workers.
 -> (artifact id: 'aa78d308ecf3c6921a6a40e610a7514c') in 0.011408 seconds
Number of updated asset objects reloaded before import = 0
Number of asset objects unloaded after import = 1
========================================================================
Received Import Request.
  Time since last request: 0.000015 seconds.
  path: Assets/TextMesh Pro/Shaders/TMPro_Properties.cginc
  artifactKey: Guid(3997e2241185407d80309a82f9148466) Importer(2089858483,0ecaa5967403d082aa24f35e1b516d23)
Start importing Assets/TextMesh Pro/Shaders/TMPro_Properties.cginc using Guid(3997e2241185407d80309a82f9148466) Importer(2089858483,0ecaa5967403d082aa24f35e1b516d23) [PhysX] Initialized MultithreadedTaskDispatcher with 32 workers.
 -> (artifact id: '056d7ac3bf2b9c951dca89ee2d34e68c') in 0.009411 seconds
Number of updated asset objects reloaded before import = 0
Number of asset objects unloaded after import = 1
========================================================================
Received Import Request.
  Time since last request: 0.000024 seconds.
  path: Assets/TextMesh Pro/Examples & Extras/Scenes/05 - Style Tags.unity
  artifactKey: Guid(70615243e2be4a81afaab9bf5d273d65) Importer(2089858483,0ecaa5967403d082aa24f35e1b516d23)
Start importing Assets/TextMesh Pro/Examples & Extras/Scenes/05 - Style Tags.unity using Guid(70615243e2be4a81afaab9bf5d273d65) Importer(2089858483,0ecaa5967403d082aa24f35e1b516d23) [PhysX] Initialized MultithreadedTaskDispatcher with 32 workers.
 -> (artifact id: 'f3c1f937842429e3b544df3137b9054f') in 0.009806 seconds
Number of updated asset objects reloaded before import = 0
Number of asset objects unloaded after import = 1
========================================================================
Received Import Request.
  Time since last request: 0.000050 seconds.
  path: Assets/TextMesh Pro/Examples & Extras/Scripts/ChatController.cs
  artifactKey: Guid(53d91f98a2664f5cb9af11de72ac54ec) Importer(2089858483,0ecaa5967403d082aa24f35e1b516d23)
Start importing Assets/TextMesh Pro/Examples & Extras/Scripts/ChatController.cs using Guid(53d91f98a2664f5cb9af11de72ac54ec) Importer(2089858483,0ecaa5967403d082aa24f35e1b516d23) [PhysX] Initialized MultithreadedTaskDispatcher with 32 workers.
 -> (artifact id: '50bc4fbc883202c78c0ae14a59331ff1') in 0.009934 seconds
Number of updated asset objects reloaded before import = 0
Number of asset objects unloaded after import = 1
========================================================================
Received Import Request.
  Time since last request: 0.000017 seconds.
  path: Assets/TextMesh Pro/Examples & Extras/Scenes/26 - Dropdown Placeholder Example.unity
  artifactKey: Guid(0851605490a599b46b6ac5cb681d93ea) Importer(2089858483,0ecaa5967403d082aa24f35e1b516d23)
Start importing Assets/TextMesh Pro/Examples & Extras/Scenes/26 - Dropdown Placeholder Example.unity using Guid(0851605490a599b46b6ac5cb681d93ea) Importer(2089858483,0ecaa5967403d082aa24f35e1b516d23) [PhysX] Initialized MultithreadedTaskDispatcher with 32 workers.
 -> (artifact id: '7ba75bdf41eacaee47b2504ec8c43aef') in 0.009924 seconds
Number of updated asset objects reloaded before import = 0
Number of asset objects unloaded after import = 1
========================================================================
Received Import Request.
  Time since last request: 0.000034 seconds.
  path: Assets/TextMesh Pro/Examples & Extras/Scenes/14 - Multi Font & Sprites.unity
  artifactKey: Guid(22a2fba786ad4c40ac0ba09f0b933100) Importer(2089858483,0ecaa5967403d082aa24f35e1b516d23)
Start importing Assets/TextMesh Pro/Examples & Extras/Scenes/14 - Multi Font & Sprites.unity using Guid(22a2fba786ad4c40ac0ba09f0b933100) Importer(2089858483,0ecaa5967403d082aa24f35e1b516d23) [PhysX] Initialized MultithreadedTaskDispatcher with 32 workers.
 -> (artifact id: '95ce7c971f3066eb16773b0da2ec48c4') in 0.009588 seconds
Number of updated asset objects reloaded before import = 0
Number of asset objects unloaded after import = 1
========================================================================
Received Import Request.
  Time since last request: 0.000028 seconds.
  path: Assets/TextMesh Pro/Examples & Extras/Resources/Fonts & Materials/Roboto-Bold SDF - Drop Shadow.mat
  artifactKey: Guid(b246c4190f4e46ec9352fe15a7b09ce0) Importer(2089858483,0ecaa5967403d082aa24f35e1b516d23)
Start importing Assets/TextMesh Pro/Examples & Extras/Resources/Fonts & Materials/Roboto-Bold SDF - Drop Shadow.mat using Guid(b246c4190f4e46ec9352fe15a7b09ce0) Importer(2089858483,0ecaa5967403d082aa24f35e1b516d23) [PhysX] Initialized MultithreadedTaskDispatcher with 32 workers.
 -> (artifact id: '1ff9d1d19fbd83282a1c4eab983d9602') in 0.010220 seconds
Number of updated asset objects reloaded before import = 0
Number of asset objects unloaded after import = 2
========================================================================
Received Import Request.
  Time since last request: 0.000017 seconds.
  path: Assets/TextMesh Pro/Examples & Extras/Scenes/01-  Single Line TextMesh Pro.unity
  artifactKey: Guid(2ac8cf212df6445e8aebbe3cb832e993) Importer(2089858483,0ecaa5967403d082aa24f35e1b516d23)
Start importing Assets/TextMesh Pro/Examples & Extras/Scenes/01-  Single Line TextMesh Pro.unity using Guid(2ac8cf212df6445e8aebbe3cb832e993) Importer(2089858483,0ecaa5967403d082aa24f35e1b516d23) [PhysX] Initialized MultithreadedTaskDispatcher with 32 workers.
 -> (artifact id: '56853f9671afeb8601667a5d535dda94') in 0.011456 seconds
Number of updated asset objects reloaded before import = 0
Number of asset objects unloaded after import = 1
========================================================================
Received Import Request.
  Time since last request: 0.000034 seconds.
  path: Assets/TextMesh Pro/Examples & Extras/Scripts/SkewTextExample.cs
  artifactKey: Guid(d412675cfb3441efa3bf8dcd9b7624dc) Importer(2089858483,0ecaa5967403d082aa24f35e1b516d23)
Start importing Assets/TextMesh Pro/Examples & Extras/Scripts/SkewTextExample.cs using Guid(d412675cfb3441efa3bf8dcd9b7624dc) Importer(2089858483,0ecaa5967403d082aa24f35e1b516d23) [PhysX] Initialized MultithreadedTaskDispatcher with 32 workers.
 -> (artifact id: '2edfb947eb6e162a725368b7d14d341b') in 0.009489 seconds
Number of updated asset objects reloaded before import = 0
Number of asset objects unloaded after import = 1
========================================================================
Received Import Request.
  Time since last request: 0.000022 seconds.
  path: Assets/TextMesh Pro/Examples & Extras/Scenes/04 - Word Wrapping.unity
  artifactKey: Guid(8f7137eacd7042d5b17ef0efe5e744f5) Importer(2089858483,0ecaa5967403d082aa24f35e1b516d23)
Start importing Assets/TextMesh Pro/Examples & Extras/Scenes/04 - Word Wrapping.unity using Guid(8f7137eacd7042d5b17ef0efe5e744f5) Importer(2089858483,0ecaa5967403d082aa24f35e1b516d23) [PhysX] Initialized MultithreadedTaskDispatcher with 32 workers.
 -> (artifact id: 'c3e5dd705f6a2c8e802030f85348488a') in 0.010147 seconds
Number of updated asset objects reloaded before import = 0
Number of asset objects unloaded after import = 1
========================================================================
Received Import Request.
  Time since last request: 0.000020 seconds.
  path: Assets/TextMesh Pro/Examples & Extras/Scripts/TMP_TextEventHandler.cs
  artifactKey: Guid(1312ae25639a4bae8e25ae223209cc50) Importer(2089858483,0ecaa5967403d082aa24f35e1b516d23)
Start importing Assets/TextMesh Pro/Examples & Extras/Scripts/TMP_TextEventHandler.cs using Guid(1312ae25639a4bae8e25ae223209cc50) Importer(2089858483,0ecaa5967403d082aa24f35e1b516d23) [PhysX] Initialized MultithreadedTaskDispatcher with 32 workers.
 -> (artifact id: '942f77d0ba4d7b232f74dd83bb7098e6') in 0.011208 seconds
Number of updated asset objects reloaded before import = 0
Number of asset objects unloaded after import = 1
========================================================================
Received Import Request.
  Time since last request: 0.000041 seconds.
  path: Assets/TextMesh Pro/Examples & Extras/Scripts/TMP_UiFrameRateCounter.cs
  artifactKey: Guid(24b0dc2d1d494adbbec1f4db26b4cf83) Importer(2089858483,0ecaa5967403d082aa24f35e1b516d23)
Start importing Assets/TextMesh Pro/Examples & Extras/Scripts/TMP_UiFrameRateCounter.cs using Guid(24b0dc2d1d494adbbec1f4db26b4cf83) Importer(2089858483,0ecaa5967403d082aa24f35e1b516d23) [PhysX] Initialized MultithreadedTaskDispatcher with 32 workers.
 -> (artifact id: '9028194ff5b6b6128db554d51c7ccf87') in 0.009072 seconds
Number of updated asset objects reloaded before import = 0
Number of asset objects unloaded after import = 1
========================================================================
Received Import Request.
  Time since last request: 0.000020 seconds.
  path: Assets/TextMesh Pro/Examples & Extras/Scripts/VertexColorCycler.cs
  artifactKey: Guid(91b8ba3d52e041fab2d0e0f169855539) Importer(2089858483,0ecaa5967403d082aa24f35e1b516d23)
Start importing Assets/TextMesh Pro/Examples & Extras/Scripts/VertexColorCycler.cs using Guid(91b8ba3d52e041fab2d0e0f169855539) Importer(2089858483,0ecaa5967403d082aa24f35e1b516d23) [PhysX] Initialized MultithreadedTaskDispatcher with 32 workers.
 -> (artifact id: 'fb4370450e2ce04ef118de4a2d58ee56') in 0.009954 seconds
Number of updated asset objects reloaded before import = 0
Number of asset objects unloaded after import = 1
Editor requested this worker to shutdown with reason: Scaling down because of idle timeout
TcpMessagingSession - receive error
AssetImportWorkerClient::OnTransportError - code=2 error=End of file
AssetImportWorker is now disconnected from the server
Process exiting
Exiting without the bug reporter. Application will terminate with return code 0